"OBJECTID","collected_specimens","CollectedBy"
23,2,"Castle, R."
26,116,"Castle, R."
28,26,"Castle, R."
35,9,"Castle, R."
36,9,"Castle, R."
37,2,"Castle, R."
40,2,"Castle, R."
41,4,"Castle, R."
42,2,"Castle, R."
43,2,"Castle, R."
44,9,"Castle, R."
50,1,"Castle, R."
57,23,"Castle, R."
59,34,"Castle, R."
60,2,"Castle, R."
70,3,"Castle, R."
73,4,"Castle, R."
75,5,"Castle, R."
76,8,"Castle, R."
91,8,"Castle, R."
92,2,"Castle, R."
93,6,"Castle, R."
129,2,"Castle, R."
156,1,"Castle, R."
219,1,"Castle, R."
298,8,"Castle, R."
