OBJECTID,TWP,RNG,DIR_ALPHA,Shape_Length,Shape_Area
1,1,1,E,52696.18066,-173397706.6
2,1,1,W,52594.07837,-173489031
3,1,2,E,52610.04167,-172725703.7
4,1,2,W,51041.73691,-156349524.6
5,1,3,E,52650.25039,-172667117.1
6,1,3,W,12070.98493,-6791092.261
7,1,4,E,53083.63371,-175829439.8
8,1,5,E,53576.23729,-179098405
9,1,6,E,53707.51513,-179887254.3
10,1,7,E,53895.23255,-181295158.6
11,1,8,E,54437.44224,-185126222.1
12,1,9,E,55187.18337,-190162690.9
13,1,10,E,52535.99661,-172130002.7
14,1,11,E,52761.03285,-173833461.1
15,1,12,E,52806.32359,-174685454.1
16,1,13,E,52796.09789,-173998250.1
17,1,14,E,52880.9582,-175183153.7
18,1,15,E,52773.71457,-173956157.5
19,1,16,E,52729.2876,-173759231.8
20,1,17,E,52728.22363,-173869738.7
21,1,18,E,52670.76704,-173006657.3
22,1,19,E,52557.99424,-172692006.8
23,1,20,E,52597.41481,-172895111.1
24,1,21,E,52589.39884,-172485847.6
25,1,22,E,52720.80447,-173950690.3
26,1,23,E,35680.89666,-60213842.91
27,2,1,E,52650.14941,-173595393.7
28,2,1,W,52594.04069,-172646472.8
29,2,2,E,52550.26525,-172921593
30,2,2,W,52716.10814,-174403678.6
31,2,3,E,52646.46842,-173589118.9
32,2,3,W,49097.91494,-103758452
33,2,4,E,52547.04107,-172706341.2
34,2,4,W,32514.90523,-38437339.74
35,2,5,E,52595.17616,-173086851.6
36,2,5,W,4699.832481,-875124.9609
37,2,6,E,52552.66442,-172675276.7
38,2,7,E,52531.49053,-172508340.9
39,2,8,E,52357.1795,-171365370.9
40,2,9,E,52532.63695,-172317788.3
41,2,10,E,52532.30234,-172556990.2
42,2,11,E,52701.61172,-173812342
43,2,12,E,52799.12941,-174316513.4
44,2,13,E,52654.1665,-172915818.9
45,2,14,E,52728.33611,-173526823.8
46,2,15,E,52584.89737,-172115013.4
47,2,16,E,52510.60104,-172519738.3
48,2,17,E,52468.68843,-172506810.3
49,2,18,E,52536.99318,-172509837.4
50,2,19,E,52512.31524,-172314274.8
51,2,20,E,52465.50779,-171808421.5
52,2,21,E,52489.03947,-172366127.3
53,2,22,E,52511.43261,-171971344.7
54,2,23,E,35290.09427,-59377603.51
55,3,1,E,52681.54493,-173154461.7
56,3,1,W,52898.13444,-174346377
57,3,2,E,52777.39611,-174315556.2
58,3,2,W,52745.11595,-173667450.2
59,3,3,E,52766.79187,-173998652.6
60,3,3,W,53020.97554,-175536660.2
61,3,4,E,52463.95131,-171856607.9
62,3,4,W,53001.4861,-175823679.1
63,3,5,E,52749.56217,-173869480.1
64,3,5,W,49900.241,-150889665.9
65,3,6,E,52652.66028,-173269781.6
66,3,6,W,25849.22123,-28638387.02
67,3,7,E,52594.8621,-172787080.5
68,3,8,E,52293.15051,-170574605.3
69,3,9,E,52636.97063,-173400210.1
70,3,10,E,52613.56041,-172950853.4
71,3,11,E,52795.60109,-173722206
72,3,12,E,52914.86635,-174737006.1
73,3,13,E,52860.83601,-174650123.8
74,3,14,E,52721.66171,-173325933.9
75,3,15,E,52514.6118,-172979904.2
76,3,16,E,52601.67883,-172683798.4
77,3,17,E,52610.28522,-172565624.6
78,3,18,E,52544.21233,-172514769.4
79,3,19,E,52613.56535,-172721747.6
80,3,20,E,52615.72867,-173533322.4
81,3,21,E,52718.83579,-174002537.9
82,3,22,E,52660.72531,-173121442.4
83,3,23,E,44452.6719,-87535601.44
84,4,1,E,52648.62158,-173406019.1
85,4,1,W,52981.49386,-175493372.8
86,4,2,E,52701.25967,-173257656
87,4,2,W,52771.92069,-174148088.7
88,4,3,E,52768.73545,-173678700.4
89,4,3,W,53028.09953,-175874936.7
90,4,4,E,52543.0674,-172445589.9
91,4,4,W,52851.92525,-174020572
92,4,5,E,52708.5073,-173691506.9
93,4,5,W,52782.22363,-174407719.8
94,4,6,E,52662.69533,-173952789.8
95,4,6,W,39507.58879,-84674919.51
96,4,7,E,52585.89669,-172791558.9
97,4,8,E,52249.20993,-170079161
98,4,9,E,52299.22592,-170809332.6
99,4,10,E,52940.31898,-175553019.5
100,4,11,E,52945.96219,-175264109.5
101,4,12,E,52761.84755,-174312608.7
102,4,13,E,52950.89106,-173957554.8
103,4,14,E,52949.58202,-175265478.2
104,4,15,E,52645.87482,-172925702.8
105,4,16,E,52425.28825,-171932974.9
106,4,17,E,52370.65836,-171168369.1
107,4,18,E,52477.26478,-172524150.9
108,4,19,E,52573.03999,-172564633.1
109,4,20,E,52475.62413,-171714900.7
110,4,21,E,52475.26177,-171991102.9
111,4,22,E,52363.6767,-171317573.8
112,4,23,E,44068.10448,-87946589.38
113,5,1,E,53128.7122,-176413994.5
114,5,1,W,53094.82657,-176222416.2
115,5,2,E,52989.2152,-175554048.1
116,5,2,W,53115.73073,-176435992.1
117,5,3,E,52852.79245,-174689339.1
118,5,3,W,52999.15597,-175459288.9
119,5,4,E,52650.37197,-173234546.5
120,5,4,W,52792.37521,-173859463.4
121,5,5,E,52760.63658,-173694749.9
122,5,5,W,52939.71154,-175389478.9
123,5,6,E,52781.38441,-174223547.8
124,5,6,W,50237.72923,-145390279
125,5,7,E,52682.07658,-172946545.1
126,5,7,W,14379.11886,-3864506.511
127,5,8,E,52512.09641,-172262648.1
128,5,9,E,52414.44863,-171832633
129,5,10,E,52620.13486,-173032137
130,5,11,E,52700.81191,-173913491.1
131,5,12,E,52948.55709,-174912844.3
132,5,13,E,53280.09863,-177902779
133,5,14,E,53227.81692,-177479236.7
134,5,15,E,53139.32034,-176424938.7
135,5,16,E,53006.84045,-175715758.8
136,5,17,E,52869.83442,-174650928.6
137,5,18,E,52885.70442,-174722201.7
138,5,19,E,52883.30048,-174908586.5
139,5,20,E,52852.50059,-174878132.8
140,5,21,E,52850.00292,-174312416.4
141,5,22,E,52486.05817,-172214579.1
142,5,23,E,8861.582692,-4907462.73
143,6,1,E,52993.67247,-175395791.1
144,6,1,W,52835.57341,-174193245.6
145,6,2,E,52990.46151,-175357431.8
146,6,2,W,52995.41058,-175436133.2
147,6,3,E,53055.39832,-176153568.1
148,6,3,W,53012.21681,-175906617.9
149,6,4,E,52703.07101,-173131463.6
150,6,4,W,52908.82008,-175059448.5
151,6,5,E,52783.3529,-173904780.5
152,6,5,W,53049.6174,-176504591.6
153,6,6,E,52771.69985,-173973151.2
154,6,6,W,52759.96417,-173961221.5
155,6,7,E,52818.13059,-174533357.5
156,6,7,W,31369.8277,-24131438.73
157,6,8,E,52849.78552,-174407800.6
158,6,9,E,53174.59033,-176656445.1
159,6,10,E,52883.76735,-173689230.8
160,6,11,E,52899.68315,-175492052.3
161,6,12,E,53042.30918,-176392759.9
162,6,13,E,53015.56126,-175609305.5
163,6,14,E,52848.18345,-173880429.5
164,6,15,E,53301.04015,-177110057.4
165,6,16,E,53237.84617,-177548388.6
166,6,17,E,53090.24733,-175431840
167,6,18,E,52906.11611,-174865639.3
168,6,19,E,52867.23695,-174788620.6
169,6,20,E,52956.76962,-175234803.6
170,6,21,E,53015.13386,-175883924.1
171,6,22,E,52389.75067,-162574341.1
172,7,1,E,52932.3181,-175033489.6
173,7,1,W,52776.57831,-174099792.4
174,7,2,E,52502.05473,-172414399.3
175,7,2,W,53108.69047,-176379636
176,7,3,E,52421.61404,-171755068
177,7,3,W,52911.53374,-175528171.1
178,7,4,E,52385.92474,-171842505.3
179,7,4,W,52687.19198,-173194698.4
180,7,5,E,52591.93079,-173212448.8
181,7,5,W,53045.89239,-175418448.3
182,7,6,E,52669.54321,-173653648.2
183,7,6,W,52717.42623,-173648885.7
184,7,7,E,53054.43887,-176245393
185,7,7,W,34332.69534,-52353306.16
186,7,8,E,52977.60453,-175276527.9
187,7,9,E,53038.32257,-175745721.8
188,7,10,E,52994.3278,-175367760.1
189,7,11,E,52629.50769,-172922245.1
190,7,12,E,52753.20393,-173839760.4
191,7,13,E,53150.30559,-176406771.1
192,7,14,E,52985.94813,-175685084.8
193,7,15,E,53197.84175,-177094189.1
194,7,16,E,53121.37873,-176206339
195,7,17,E,53198.32759,-176702587.5
196,7,18,E,53045.26294,-176860613.8
197,7,19,E,53008.31604,-175268249.5
198,7,20,E,53319.21034,-177358527.2
199,7,21,E,53389.13227,-178416659.1
200,7,22,E,48730.21864,-137685508.6
201,8,1,E,53029.33912,-175468859.1
202,8,1,W,52625.22799,-173317304.1
203,8,2,E,52828.2823,-174621611.1
204,8,2,W,52908.0756,-174485777.4
205,8,3,E,53052.07951,-176027500.6
206,8,3,W,52660.76531,-173130004.8
207,8,4,E,53175.93594,-176826383
208,8,4,W,52657.3933,-173271477.5
209,8,5,E,52980.12673,-174958195.3
210,8,5,W,53207.61548,-177025923.2
211,8,6,E,52958.18495,-175391909.9
212,8,6,W,50325.93188,-164133175.2
213,8,7,E,53178.19223,-176344142.8
214,8,7,W,20380.72104,-16068573.99
215,8,8,E,53269.93019,-177373745.6
216,8,9,E,53142.44556,-176890548.4
217,8,10,E,52897.3383,-175016606.5
218,8,11,E,52811.26711,-173850831.9
219,8,12,E,52772.15054,-173100984.5
220,8,13,E,53185.57692,-176185594.6
221,8,14,E,53190.92279,-176565192.1
222,8,15,E,53252.74341,-176928372.5
223,8,16,E,53371.48635,-178135535.5
224,8,17,E,53326.91988,-178026791.1
225,8,18,E,53257.96781,-176594332.4
226,8,19,E,53136.17988,-176490650.6
227,8,20,E,53292.61881,-177320180.7
228,8,21,E,53292.23621,-177463037.4
229,8,22,E,49578.57608,-104643439.5
230,9,1,E,53183.01142,-176986509.3
231,9,1,W,52680.61939,-173573287.3
232,9,2,E,53012.53924,-175365162.9
233,9,2,W,53064.06721,-176690588
234,9,3,E,52971.97659,-175357403.9
235,9,3,W,52831.02171,-174322116.7
236,9,4,E,52933.22723,-175323996.7
237,9,4,W,52803.04253,-174389637.4
238,9,5,E,52766.42893,-173983170.6
239,9,5,W,53323.67552,-177230067.2
240,9,6,E,53040.05923,-175528758.9
241,9,6,W,46435.91833,-80118413.34
242,9,7,E,53150.93351,-176657966.7
243,9,8,E,53223.63602,-176944826
244,9,9,E,53216.92723,-176511555.6
245,9,10,E,52742.50103,-173866142.5
246,9,11,E,52860.05042,-174683718.8
247,9,12,E,52903.84692,-175082117.7
248,9,13,E,52992.33326,-175003688
249,9,14,E,52956.07889,-175688055.2
250,9,15,E,52936.87101,-175091307.7
251,9,16,E,53029.37406,-175467502.3
252,9,17,E,52892.09865,-174431218.7
253,9,18,E,53195.20495,-176692716.6
254,9,19,E,53319.68054,-177832796.4
255,9,20,E,53162.38804,-176882011.5
256,9,21,E,53174.20051,-176562871.9
257,9,22,E,39826.8612,-73419130.47
258,10,1,E,53164.82659,-176375347.8
259,10,1,W,52789.53075,-173802528.8
260,10,2,E,53075.90492,-176640585.8
261,10,2,W,53295.93141,-176991564.9
262,10,3,E,53154.46921,-176406868.4
263,10,3,W,53050.57703,-175610886.5
264,10,4,E,53125.50454,-176689105.9
265,10,4,W,53139.06742,-176330874.4
266,10,5,E,52802.2407,-173883456.7
267,10,5,W,53653.16507,-180316785.6
268,10,6,E,53006.16875,-175672933.3
269,10,6,W,49888.95197,-156199880.9
270,10,7,E,53140.7965,-176517086
271,10,7,W,27749.26217,-44454908.5
272,10,8,E,53261.05855,-177148969
273,10,9,E,53104.74894,-176277514.2
274,10,10,E,52831.41453,-175053396.4
275,10,11,E,52912.03824,-174989497.4
276,10,12,E,52922.52533,-174978476.5
277,10,13,E,52823.6512,-174484621.3
278,10,14,E,52725.36167,-173420533.2
279,10,15,E,52824.4952,-174702402.4
280,10,16,E,53077.28174,-175696832.2
281,10,17,E,53168.37408,-176706345.7
282,10,18,E,53581.86395,-179747624.5
283,10,19,E,53179.14175,-176710803.7
284,10,20,E,53434.38798,-178502909.4
285,10,21,E,53148.81855,-176868327.4
286,10,22,E,44990.25229,-105931940.2
287,11,1,E,53291.05327,-177690543.5
288,11,1,W,53213.87864,-176996350.2
289,11,2,E,53099.30877,-176059021.4
290,11,2,W,53213.1341,-177184755.3
291,11,3,E,53194.35291,-176825925.8
292,11,3,W,53240.97145,-177002904.8
293,11,4,E,53209.75684,-176835855.3
294,11,4,W,53178.18359,-176999326.8
295,11,5,E,52885.10142,-174448663.8
296,11,5,W,53198.63516,-176756811.9
297,11,6,E,53003.97914,-175848964.2
298,11,6,W,53249.007,-176928256.4
299,11,7,E,52972.68261,-174791139.9
300,11,7,W,43050.19773,-94768969.78
301,11,8,E,52959.20406,-175401882.2
302,11,9,E,52979.44019,-175693532.8
303,11,10,E,53188.92496,-177054291.6
304,11,11,E,53191.86259,-176593118.9
305,11,12,E,53480.91465,-178918306.5
306,11,13,E,53567.6779,-179252581.7
307,11,14,E,53554.55394,-179411094.1
308,11,15,E,53730.63839,-180331051
309,11,16,E,53652.9411,-179719415.7
310,11,17,E,53443.90957,-178461586.9
311,11,18,E,53223.71471,-177115974.4
312,11,19,E,53322.13982,-177881718.1
313,11,20,E,53505.98309,-178055874.7
314,11,21,E,53472.46077,-178703341.6
315,11,22,E,53403.03035,-127812898.3
316,12,1,E,53451.25358,-178716808.4
317,12,1,W,53311.63785,-177516991.1
318,12,2,E,53280.36656,-176903076.8
319,12,2,W,53112.38222,-176577242.8
320,12,3,E,53271.05608,-177420907.1
321,12,3,W,53123.37822,-175730739.8
322,12,4,E,53263.82406,-177622522.7
323,12,4,W,53119.48366,-176351340.7
324,12,5,E,52828.12501,-174300798.8
325,12,5,W,52993.32576,-175352800.2
326,12,6,E,52945.44077,-175181233.8
327,12,6,W,52741.90647,-174284961.6
328,12,7,E,53056.26626,-176805337.6
329,12,7,W,46463.60646,-112733877.8
330,12,8,E,52914.98952,-174795063.3
331,12,9,E,53349.58753,-177977006.1
332,12,10,E,56939.40314,-201528834.8
333,12,11,E,56998.31597,-202723609.4
334,12,12,E,53554.69368,-179258944.3
335,12,13,E,53609.65698,-179803757.1
336,12,14,E,53528.38891,-178467868.2
337,12,15,E,53618.02782,-179763390.8
338,12,16,E,54002.66121,-182435389.9
339,12,17,E,53545.17719,-179350226.5
340,12,18,E,53111.21296,-176233697.1
341,12,19,E,53643.75091,-179436555.9
342,12,20,E,53857.8895,-181239064.1
343,12,21,E,53593.78638,-179626979
344,12,22,E,53516.3187,-178922656.1
345,12,23,E,26795.10404,-24132497.97
346,13,1,E,53251.39356,-176992309.5
347,13,1,W,53134.27567,-176545165.7
348,13,2,E,53409.02315,-178631869.6
349,13,2,W,52889.31035,-174906764.2
350,13,3,E,53175.61656,-176590454.6
351,13,3,W,52756.07253,-174425077.7
352,13,4,E,52901.13256,-175104155.2
353,13,4,W,53166.37025,-176257802.7
354,13,5,E,52650.58382,-173777689.8
355,13,5,W,52808.28589,-174444929
356,13,6,E,53484.64229,-177530997.4
357,13,6,W,52780.28635,-174169515.7
358,13,7,E,53707.07608,-180163796.4
359,13,7,W,51819.20992,-148686485
360,13,8,E,52801.08755,-173981203.5
361,13,9,E,53391.62745,-177966636.4
362,13,10,E,53261.49196,-176857776.6
363,13,11,E,53165.1871,-176886984
364,13,12,E,53736.47738,-180205010.5
365,13,13,E,53733.99846,-179961487.3
366,13,14,E,53705.47167,-180594066.2
367,13,15,E,53761.78997,-180954152
368,13,16,E,54403.81229,-184414659.8
369,13,17,E,53860.65189,-181171091.3
370,13,18,E,53591.96387,-180089292.4
371,13,19,E,53629.69901,-179829325.9
372,13,20,E,53757.00829,-180425293.3
373,13,21,E,53614.07001,-179942150.7
374,13,22,E,53853.26705,-181000329.8
375,13,23,E,39964.59561,-59094287.84
376,14,1,E,54148.63076,-182830589.5
377,14,1,W,53433.39238,-177865050.3
378,14,2,E,54545.89158,-185931835
379,14,2,W,53214.89713,-177331448
380,14,3,E,54199.88438,-183011870
381,14,3,W,53364.038,-178076037.6
382,14,4,E,53689.36655,-180078433.8
383,14,4,W,53417.32653,-178450946.9
384,14,5,E,53786.74504,-179602091.9
385,14,5,W,53495.09627,-178362795
386,14,6,E,54112.82777,-184303882.6
387,14,6,W,53795.09273,-180699538.6
388,14,7,E,53514.61651,-178779347.5
389,14,7,W,52510.26924,-178046869.6
390,14,8,E,52953.0013,-174864233.7
391,14,8,W,11557.07819,-1720583.969
392,14,9,E,53350.13904,-177408970.5
393,14,10,E,53560.20115,-179225170.7
394,14,11,E,53341.25874,-178165862.7
395,14,12,E,53697.14351,-180115287.7
396,14,13,E,53756.60699,-181410091
397,14,14,E,53678.42523,-179863661
398,14,15,E,53718.82821,-180361621.1
399,14,16,E,54001.30092,-181943977.1
400,14,17,E,53830.26902,-180823726.6
401,14,18,E,53883.29248,-181093041.9
402,14,19,E,53632.33601,-179537810
403,14,20,E,53489.77477,-178907338.3
404,14,21,E,53405.31951,-178436153.5
405,14,22,E,53901.91138,-181033505.3
406,14,23,E,49325.92826,-140950313.5
407,15,1,E,53915.71242,-180612897.4
408,15,1,W,53474.53994,-178515097
409,15,2,E,53670.22458,-180375205.9
410,15,2,W,53211.22523,-177114512.7
411,15,3,E,53544.61996,-179640687.7
412,15,3,W,53566.41354,-179360046.7
413,15,4,E,52985.82169,-175480547.9
414,15,4,W,53589.73006,-179524484.3
415,15,5,E,53062.52533,-176049581.5
416,15,5,W,53611.1634,-179749400.5
417,15,6,E,53720.05996,-180353197
418,15,6,W,53350.50728,-178008593.1
419,15,7,E,53285.28125,-177113665.3
420,15,7,W,52968.3179,-156660627.3
421,15,8,E,52667.87621,-172816028.8
422,15,9,E,53165.68086,-177414170.3
423,15,10,E,53577.4805,-179734982.7
424,15,11,E,53378.46938,-177307904.2
425,15,12,E,53800.2855,-180365531.2
426,15,13,E,53919.37033,-181788572.2
427,15,14,E,53645.53673,-179554912
428,15,15,E,53866.86456,-181574565.4
429,15,16,E,53890.58194,-181859368.2
430,15,17,E,53900.40319,-182252704.7
431,15,18,E,53670.13337,-179553361.1
432,15,19,E,53519.64761,-179296107.3
433,15,20,E,53491.53198,-178901773.7
434,15,21,E,53352.11154,-177644583.4
435,15,22,E,53641.4753,-179754916
436,15,23,E,53815.29854,-156033779
437,16,1,E,52191.10304,-170011210.3
438,16,1,W,53043.29349,-175912982.6
439,16,2,E,50203.44789,-156817267.4
440,16,2,W,53062.49094,-175983049.6
441,16,3,E,49981.00101,-154991979.4
442,16,3,W,53307.13666,-177622805.6
443,16,4,E,49323.93325,-151443134
444,16,4,W,53331.11489,-177995482.6
445,16,5,E,49577.22906,-152980764.7
446,16,5,W,53637.58163,-179478387.3
447,16,6,E,50344.99914,-157554772
448,16,6,W,53298.33511,-176881366.3
449,16,7,E,50042.32643,-156151864.5
450,16,7,W,53491.4062,-178953300.5
451,16,8,E,49267.10666,-151592657
452,16,8,W,37359.94178,-39126660.14
453,16,9,E,49629.23081,-153639542.2
454,16,10,E,49957.16074,-155315739.3
455,16,11,E,50097.94321,-156577202.7
456,16,12,E,53983.47613,-182165710.8
457,16,13,E,53959.02432,-182206060.7
458,16,14,E,53753.13826,-180472814.6
459,16,15,E,53727.39377,-180341361.9
460,16,16,E,53734.99469,-180251220.5
461,16,17,E,54097.6536,-182452674.9
462,16,18,E,53901.98729,-181703676.5
463,16,19,E,53801.86407,-180762042.2
464,16,20,E,53684.21314,-180282831
465,16,21,E,53543.06033,-179094963.3
466,16,22,E,53795.30735,-180807580.9
467,16,23,E,44855.28125,-120488857.9
468,17,1,E,54060.75608,-182327516.5
469,17,1,W,53158.56363,-176632312.2
470,17,2,E,53700.96334,-180197332.3
471,17,2,W,53123.20438,-176182825
472,17,3,E,53412.50013,-178370889.7
473,17,3,W,53570.35169,-179616079.5
474,17,4,E,53027.86259,-175491999.7
475,17,4,W,53619.21377,-179327376.1
476,17,5,E,53357.18366,-178116290.3
477,17,5,W,53512.43161,-179145660.1
478,17,6,E,53854.34181,-180963294.2
479,17,6,W,53082.21336,-176015034.7
480,17,7,E,53706.65446,-180677962.6
481,17,7,W,53371.71281,-177837090.5
482,17,8,E,52863.25438,-174696064.6
483,17,8,W,49837.81657,-150577260.5
484,17,9,E,53315.36327,-177717310.2
485,17,9,W,13758.23851,-9042788.906
486,17,10,E,53597.21647,-179526406.8
487,17,11,E,53715.72813,-180320462.5
488,17,12,E,54375.5966,-185064011.9
489,17,13,E,54113.60738,-182563819.1
490,17,14,E,54082.08892,-183069633.9
491,17,15,E,53889.22554,-181652108
492,17,16,E,53813.25371,-181181603.2
493,17,17,E,54003.35751,-182007740.6
494,17,18,E,53948.96954,-182314554.4
495,17,19,E,53957.76237,-182112739.3
496,17,20,E,53851.83906,-180721991.9
497,17,21,E,53611.96817,-179635994.4
498,17,22,E,53797.76995,-181211166.1
499,17,23,E,53842.30253,-150566531.2
500,18,1,E,54223.70921,-183835277.5
501,18,1,W,53295.77719,-177167199.3
502,18,2,E,53772.65772,-181182324.1
503,18,2,W,53286.16014,-177373019.4
504,18,3,E,53551.72816,-178867146.2
505,18,3,W,53277.12416,-177073000.7
506,18,4,E,52935.70132,-175037443.7
507,18,4,W,53366.72631,-178586219.7
508,18,5,E,53033.49316,-176457346.1
509,18,5,W,53216.1854,-176467435.9
510,18,6,E,53632.0493,-179732413.8
511,18,6,W,53083.65678,-176370415.6
512,18,7,E,53391.61131,-178046713.6
513,18,7,W,53311.9595,-177599318.6
514,18,8,E,52489.51515,-172099925.8
515,18,8,W,53409.63721,-178092975.4
516,18,9,E,52755.36984,-173860729
517,18,9,W,50302.46079,-142958862.9
518,18,10,E,52924.27602,-175055652.6
519,18,10,W,38509.48121,-78879840.58
520,18,11,E,53036.72763,-176137464.2
521,18,11,W,7148.221017,-2129308.363
522,18,12,E,53759.61151,-180657087.6
523,18,13,E,53360.54403,-177557936.6
524,18,14,E,53783.39078,-180655497.1
525,18,15,E,54040.25181,-182831261.4
526,18,16,E,53882.87765,-180098047.9
527,18,17,E,54060.17467,-181620906.8
528,18,18,E,54097.15176,-182838443.3
529,18,19,E,53835.74875,-180495063
530,18,20,E,53708.30865,-180707503.4
531,18,21,E,53744.03067,-180525301.4
532,18,22,E,53849.96182,-181355033.4
533,18,23,E,53851.55831,-181085256.1
534,18,24,E,26750.26675,-29829390.27
535,19,1,E,54344.66284,-183476075.1
536,19,1,W,53312.43028,-177948798.7
537,19,2,E,53763.47956,-180682181.7
538,19,2,W,53785.5337,-180596735.6
539,19,3,E,53548.51948,-178672257
540,19,3,W,53803.73645,-180530265.3
541,19,4,E,52954.75024,-175417423.6
542,19,4,W,53974.53292,-182360762.3
543,19,5,E,53075.37687,-176170140
544,19,5,W,53599.95915,-179639169
545,19,6,E,53863.13241,-181018336.1
546,19,6,W,53660.58202,-180046395.5
547,19,7,E,53756.17847,-180602800.1
548,19,7,W,53768.23854,-180853137.7
549,19,8,E,52916.25093,-174932972.5
550,19,8,W,53624.05076,-178997037.2
551,19,9,E,53140.4734,-176252005.1
552,19,9,W,53855.70776,-181568153
553,19,10,E,53348.40845,-178026162.5
554,19,10,W,54005.62288,-182592055.7
555,19,11,E,53375.15981,-177322096.4
556,19,11,W,50379.63232,-115868235.5
557,19,12,E,54020.93161,-182532106.2
558,19,12,W,16105.53677,-9086689.839
559,19,13,E,53727.03583,-180499897.6
560,19,14,E,53678.48739,-180141359.4
561,19,15,E,53494.9653,-179106317.1
562,19,16,E,53671.46707,-181250441
563,19,17,E,53602.96014,-179639963.7
564,19,18,E,53816.17979,-180693463.6
565,19,19,E,54247.52676,-184235114.8
566,19,20,E,54017.24877,-182159814.5
567,19,21,E,53790.47141,-180896703.3
568,19,22,E,54032.57802,-182702026.1
569,19,23,E,53861.56825,-181483035.3
570,19,24,E,53966.4095,-100681227
571,19,25,E,8885.687978,-4929163.647
572,20,1,E,55579.84361,-192976057.1
573,20,1,W,53314.3069,-177853124.8
574,20,2,E,56038.99086,-196776182.8
575,20,2,W,53909.10776,-181605138.7
576,20,3,E,55843.62756,-193989862.4
577,20,3,W,54332.86117,-184325731.1
578,20,4,E,55313.14341,-189527835.7
579,20,4,W,54856.77737,-188055217.3
580,20,5,E,55355.7923,-191714535
581,20,5,W,54434.49062,-184534492.2
582,20,6,E,55653.91052,-193089061.7
583,20,6,W,54251.35253,-183809369.9
584,20,7,E,54734.012,-187912603
585,20,7,W,54680.64357,-187177033.4
586,20,8,E,53345.6596,-177338400
587,20,8,W,54134.57067,-183309144.5
588,20,9,E,53396.28889,-178064196.1
589,20,9,W,54458.03957,-185030934.6
590,20,10,E,53534.96174,-179200485.6
591,20,10,W,54385.66379,-184462317
592,20,11,E,53600.09819,-179080762
593,20,11,W,54629.68833,-186122686
594,20,12,E,54202.01303,-183675227.7
595,20,12,W,50744.12353,-159155382.8
596,20,13,E,53823.04542,-180986972.5
597,20,13,W,17568.45131,-10262800.43
598,20,14,E,54141.15609,-182777102.5
599,20,15,E,54332.71277,-184548738.1
600,20,16,E,54176.17867,-183484813.5
601,20,17,E,53903.63398,-181348567.7
602,20,18,E,53907.80777,-182104132.7
603,20,19,E,53862.16241,-181065036.2
604,20,20,E,53825.9041,-181172543.5
605,20,21,E,53777.25659,-180847280
606,20,22,E,54209.45168,-183778028.8
607,20,23,E,53931.92419,-181409080.7
608,20,24,E,53905.30669,-181822549.6
609,20,25,E,39953.51281,-84508405.59
610,21,1,E,53944.43647,-182000734.1
611,21,1,W,54157.65076,-182383383.1
612,21,2,E,53800.58801,-180943820.7
613,21,2,W,54214.6903,-184300458.6
614,21,3,E,53797.22355,-180167656.5
615,21,3,W,54267.39636,-183066973.1
616,21,4,E,53387.76898,-178579242.4
617,21,4,W,54069.23278,-183007888.7
618,21,5,E,53685.28897,-179449911.6
619,21,5,W,54119.84306,-183518837.1
620,21,6,E,54010.79789,-182606398.6
621,21,6,W,54292.40028,-184030260.2
622,21,7,E,54417.3877,-184976688.7
623,21,7,W,54047.91875,-183409426.8
624,21,8,E,55451.83417,-190873908.9
625,21,8,W,54373.21346,-182957366
626,21,9,E,59914.08017,-223648896.5
627,21,9,W,54347.531,-185023720.9
628,21,10,E,54273.10123,-183708704.1
629,21,10,W,54260.31776,-182886076.3
630,21,11,E,54164.96648,-183552128.6
631,21,11,W,54327.4585,-184562282.8
632,21,12,E,54058.98955,-182740921.1
633,21,12,W,53601.88448,-181705687.2
634,21,13,E,54111.02285,-182848586.6
635,21,13,W,29295.88662,-25393283.69
636,21,14,E,54179.52396,-182753038.2
637,21,15,E,54256.7345,-184330120.8
638,21,16,E,53756.10798,-180895835.5
639,21,17,E,53639.82853,-179514188.7
640,21,18,E,53739.19823,-180230115
641,21,19,E,53884.2414,-181069097.2
642,21,20,E,54227.44254,-183922933
643,21,21,E,54283.11114,-184232894.3
644,21,22,E,54137.58784,-183143013.3
645,21,23,E,54139.16622,-183598590.2
646,21,24,E,54152.11278,-183555412.9
647,21,25,E,13446.8057,-10012846.98
648,22,1,E,53894.27407,-181699307.4
649,22,1,W,54244.3894,-183557762
650,22,2,E,53497.56742,-179055834.6
651,22,2,W,54197.50064,-183216635.7
652,22,3,E,53666.85221,-180071546.5
653,22,3,W,54285.81019,-184543165.7
654,22,4,E,53125.95561,-176098557
655,22,4,W,54237.96532,-183865893.5
656,22,5,E,53602.85739,-180091722.5
657,22,5,W,54213.13641,-183117597.2
658,22,6,E,53609.52536,-179906172.1
659,22,6,W,54143.15077,-183707881.7
660,22,7,E,53477.11483,-178469638.5
661,22,7,W,54133.58289,-182845753.9
662,22,8,E,53594.27011,-179581507.2
663,22,8,W,54285.10063,-184088831.1
664,22,9,E,58796.4789,-213407445.4
665,22,9,W,54307.87908,-184367374.6
666,22,10,E,54100.24596,-183277264.6
667,22,10,W,54308.32701,-184399465.7
668,22,11,E,54075.68081,-182566297.6
669,22,11,W,54513.85335,-185888165
670,22,12,E,54207.29902,-183837023.5
671,22,12,W,54283.37315,-184297782.8
672,22,13,E,54110.99849,-183576839.9
673,22,13,W,50194.50777,-145579952
674,22,14,E,54145.83302,-183995775.7
675,22,14,W,35919.12331,-41675004.36
676,22,15,E,53757.6332,-179925496.5
677,22,15,W,819.3529956,-12266.84663
678,22,16,E,53285.26572,-177414570.4
679,22,17,E,53770.73827,-180570313.1
680,22,18,E,54297.47232,-184388078.2
681,22,19,E,54102.31142,-182296543.1
682,22,20,E,54333.09613,-184369864.7
683,22,21,E,54301.78795,-184497554.6
684,22,22,E,54262.8278,-184031125.5
685,22,23,E,54245.50342,-183520270
686,22,24,E,54257.17482,-183778031.9
687,22,25,E,22662.6788,-20280658.89
688,23,1,E,54190.62014,-182884125.4
689,23,1,W,54434.68556,-184948807.4
690,23,2,E,53747.21201,-178960614.5
691,23,2,W,54274.86274,-184122438.8
692,23,3,E,53522.40287,-179464451.4
693,23,3,W,54230.39474,-183565925.2
694,23,4,E,53191.86912,-176519798.2
695,23,4,W,54210.19408,-183877491.9
696,23,5,E,53969.48943,-182179154.4
697,23,5,W,54254.61319,-183871979.9
698,23,6,E,53662.84255,-179959383.4
699,23,6,W,54215.173,-183065349.7
700,23,7,E,53757.82351,-180779324.6
701,23,7,W,54203.74485,-184045986
702,23,8,E,53645.54789,-179808300.4
703,23,8,W,54331.52295,-184658053.4
704,23,9,E,59075.58791,-216290874.6
705,23,9,W,54210.87183,-184051673.8
706,23,10,E,54065.63234,-182657715.3
707,23,10,W,54260.68236,-184237517.9
708,23,11,E,53849.13641,-181427056
709,23,11,W,54364.95112,-184653688.4
710,23,12,E,54098.49332,-183079355.2
711,23,12,W,54191.27835,-183676470
712,23,13,E,53956.21988,-181616050.8
713,23,13,W,54175.97424,-183104787.6
714,23,14,E,54199.37506,-183352427.2
715,23,14,W,54006.07366,-182406185.5
716,23,15,E,53784.56241,-180961133.1
717,23,15,W,50014.16956,-155546078.1
718,23,16,E,53723.35951,-180399822.7
719,23,16,W,22229.07151,-26527409.48
720,23,17,E,54172.1811,-183696077.3
721,23,18,E,54160.03193,-182098529.5
722,23,19,E,53870.53698,-182034331.1
723,23,20,E,53997.88822,-182171341.9
724,23,21,E,54368.99231,-184680354.5
725,23,22,E,54383.49995,-185016176.7
726,23,23,E,54243.16086,-183768697.9
727,23,24,E,54374.95609,-184885737.5
728,23,25,E,36077.67125,-50850190.1
729,24,1,E,53879.14042,-181559541.4
730,24,1,W,54328.95586,-184915011.7
731,24,2,E,53100.20125,-175964470.4
732,24,2,W,54391.61863,-185286352
733,24,3,E,53128.02015,-177324383.9
734,24,3,W,54129.1914,-182896249.6
735,24,4,E,52681.6704,-172718074.3
736,24,4,W,54040.87606,-182536068.8
737,24,5,E,53739.36627,-180560456.1
738,24,5,W,54104.22947,-183169955.5
739,24,6,E,53517.65576,-178361387.5
740,24,6,W,54274.39219,-183695332.6
741,24,7,E,53760.87771,-181064842.1
742,24,7,W,54087.30916,-183101767.2
743,24,8,E,53448.42397,-178967488.4
744,24,8,W,54046.15363,-181974612.5
745,24,9,E,59290.64004,-217318743.7
746,24,9,W,54098.77474,-182858761.4
747,24,10,E,54515.82871,-185584405.7
748,24,10,W,54044.08465,-182802196.6
749,24,11,E,54223.53192,-183595321.5
750,24,11,W,54179.07954,-182923016.2
751,24,12,E,54410.25882,-184635201.4
752,24,12,W,54090.52122,-182725037.5
753,24,13,E,54288.70254,-184201569.9
754,24,13,W,54080.91987,-182873906.3
755,24,14,E,54750.99671,-187347635.5
756,24,14,W,54046.25612,-182805562.7
757,24,15,E,54578.21712,-185768449.3
758,24,15,W,54117.44678,-182934847.6
759,24,16,E,55137.81311,-190793025.2
760,24,16,W,51627.66493,-134514724.2
761,24,17,E,54473.23051,-185316866.3
762,24,17,W,39910.45485,-82681004.61
763,24,18,E,53506.65569,-179313595.4
764,24,18,W,27509.13833,31500362.27
765,24,19,E,53121.6839,-175291507
766,24,20,E,54607.19192,-186457812.9
767,24,21,E,54935.8977,-188779545.3
768,24,22,E,54384.29369,-184386533.4
769,24,23,E,54330.18586,-184924582.2
770,24,24,E,54354.84911,-184959119.6
771,24,25,E,45395.86986,-97294432.06
772,25,1,E,53742.58333,-180258623.1
773,25,1,W,54339.79399,-184592494.3
774,25,2,E,53379.32722,-178336219.2
775,25,2,W,54480.95652,-185199391.9
776,25,3,E,53741.12986,-180165637.6
777,25,3,W,54338.69673,-184392762.6
778,25,4,E,53008.0207,-175729481.8
779,25,4,W,54311.9065,-183835785.7
780,25,5,E,53647.04597,-179166407.8
781,25,5,W,54349.52869,-184591057
782,25,6,E,53435.10899,-178745797.1
783,25,6,W,54203.12549,-183957946.3
784,25,7,E,53528.51231,-178970961.1
785,25,7,W,53984.13579,-181566008.1
786,25,8,E,53468.42808,-178233189.1
787,25,8,W,54235.68735,-184449122.5
788,25,9,E,59731.90308,-222269337.1
789,25,9,W,54393.72431,-184581312.1
790,25,10,E,55227.84572,-190686208.3
791,25,10,W,54276.06447,-183971507
792,25,11,E,54946.01016,-188615947.4
793,25,11,W,54278.38531,-184175401.8
794,25,12,E,54952.60396,-188194664.6
795,25,12,W,54228.2315,-183795732.9
796,25,13,E,55118.897,-190001296.6
797,25,13,W,54193.49025,-183353389.2
798,25,14,E,55070.1871,-189232098.7
799,25,14,W,54287.7061,-184581212.8
800,25,15,E,56734.24461,-200459987
801,25,15,W,54355.08034,-184580005.6
802,25,16,E,54023.85941,-182854312.7
803,25,16,W,53811.81315,-180924375.7
804,25,17,E,54480.62601,-184809194.2
805,25,17,W,54346.27739,-184711539.6
806,25,18,E,54251.64411,-183038791.4
807,25,18,W,53906.90074,-179823490.7
808,25,19,E,52474.50768,-170739163.2
809,25,19,W,33619.86451,-35394860.8
810,25,20,E,53984.31696,-182017447.4
811,25,21,E,54672.33899,-187254399
812,25,22,E,54374.17062,-184863385.9
813,25,23,E,54020.32011,-184263026.9
814,25,24,E,54277.33852,-182875884.7
815,25,25,E,54366.08379,-170079833.4
816,25,26,E,18080.02617,-15264557.88
817,26,1,E,53598.15079,-179265477.9
818,26,1,W,54409.91226,-185054537.7
819,26,2,E,53434.11415,-178598503.2
820,26,2,W,54299.10897,-184064550.2
821,26,3,E,53628.92999,-179698119.2
822,26,3,W,54236.66753,-184290457.2
823,26,4,E,52922.17496,-174676541.8
824,26,4,W,54231.82196,-183248052.4
825,26,5,E,53720.8211,-180639217.4
826,26,5,W,54530.44453,-186337297.3
827,26,6,E,53486.31794,-179013891.1
828,26,6,W,54443.2751,-185561131
829,26,7,E,53527.13383,-178812442.4
830,26,7,W,54385.73434,-185043769.2
831,26,8,E,53410.77691,-178288534.4
832,26,8,W,54489.73954,-186072069
833,26,9,E,59581.07483,-219402081.3
834,26,9,W,54520.456,-185832645.1
835,26,10,E,54726.8712,-187208811.7
836,26,10,W,54360.12117,-184801724.4
837,26,11,E,54519.47066,-186330591.2
838,26,11,W,54300.55875,-184416472
839,26,12,E,54513.66688,-185386156.1
840,26,12,W,54341.6638,-184043781
841,26,13,E,55124.29497,-190186451.6
842,26,13,W,54368.05476,-185028017.4
843,26,14,E,54894.42444,-188708411.1
844,26,14,W,54463.98849,-184720637.9
845,26,15,E,56657.6067,-201255197.3
846,26,15,W,54135.77447,-183844725.5
847,26,16,E,55042.46552,-189472372.7
848,26,16,W,53659.55124,-179780081.4
849,26,17,E,55181.23958,-189667207.6
850,26,17,W,54307.05724,-184122013.1
851,26,18,E,55038.20044,-189572079
852,26,18,W,54453.43641,-185365473.8
853,26,19,E,54423.41759,-183231716.6
854,26,19,W,51648.1863,-173061814.5
855,26,20,E,54369.71774,-185006689.1
856,26,20,W,33246.39747,-58281320.93
857,26,21,E,55289.86138,-190522832.6
858,26,22,E,54874.20163,-188144980
859,26,23,E,54643.36741,-184212500.2
860,26,24,E,54406.41179,-185256445.2
861,26,25,E,54367.63758,-184715531.8
862,26,26,E,45764.52557,-94087905.92
863,27,1,E,53687.81421,-180502255.4
864,27,1,W,54644.10597,-186371784.7
865,27,2,E,53551.18587,-179386173.2
866,27,2,W,54274.22359,-184178179.4
867,27,3,E,53791.81097,-181222679
868,27,3,W,54130.68198,-183487634
869,27,4,E,52857.00163,-174346714.2
870,27,4,W,54261.01561,-184573788.1
871,27,5,E,53572.70237,-179398945.4
872,27,5,W,54469.65944,-184758057
873,27,6,E,53321.94404,-177915247.1
874,27,6,W,54053.95252,-182875266.1
875,27,7,E,53534.84251,-179392913.7
876,27,7,W,53766.38946,-180043311.9
877,27,8,E,53341.31094,-177749409.2
878,27,8,W,53969.04602,-182077057.6
879,27,9,E,59207.49125,-218182299.7
880,27,9,W,54120.80051,-182841830
881,27,10,E,54504.96112,-185791340.8
882,27,10,W,54069.47609,-182180165.8
883,27,11,E,54458.80179,-184618203.7
884,27,11,W,54116.14164,-182910415.4
885,27,12,E,54509.04029,-186020576.7
886,27,12,W,54205.08423,-183741156.2
887,27,13,E,55029.95474,-188703210
888,27,13,W,53974.52431,-182140355.8
889,27,14,E,54953.16997,-188584477.9
890,27,14,W,54139.98766,-183346861.8
891,27,15,E,55858.57835,-195559886.3
892,27,15,W,54047.65694,-182862399.1
893,27,16,E,55134.25461,-189416957.3
894,27,16,W,53377.97274,-177309069.6
895,27,17,E,54755.72537,-187626885.3
896,27,17,W,54327.35757,-184525730.5
897,27,18,E,53703.60364,-179447304.8
898,27,18,W,54455.9393,-185000233.5
899,27,19,E,54076.92498,-183034636.5
900,27,19,W,54227.06308,-183845117.3
901,27,20,E,53733.40894,-179789338.8
902,27,20,W,40484.07572,-71543504.29
903,27,21,E,54223.07387,-184114987.2
904,27,22,E,53304.80602,-176955987.2
905,27,23,E,54533.65885,-185202557.8
906,27,24,E,54023.09949,-182802894
907,27,25,E,54452.75661,-185974820.2
908,27,26,E,54813.32918,-166542139.4
909,27,27,E,9210.561659,-5301084.012
910,28,1,E,53606.75929,-179499275.7
911,28,1,W,54735.07756,-187442812
912,28,2,E,53547.03925,-178325532
913,28,2,W,54480.07653,-185461904.9
914,28,3,E,53835.01233,-181550152.9
915,28,3,W,54499.93594,-185487628.7
916,28,4,E,52752.61643,-172071763.9
917,28,4,W,54524.14191,-186111002.8
918,28,5,E,53529.98316,-179067629.1
919,28,5,W,54451.48028,-185331184.7
920,28,6,E,53270.04055,-177348617.8
921,28,6,W,54430.24122,-185087876.3
922,28,7,E,53424.13772,-178247326.9
923,28,7,W,54382.69082,-184966771.5
924,28,8,E,53631.40069,-179614074.2
925,28,8,W,54309.79431,-184507716.2
926,28,9,E,59525.7326,-218030381.8
927,28,9,W,54392.3796,-184475202.8
928,28,10,E,54615.73986,-186545984.3
929,28,10,W,54504.79296,-185516668.2
930,28,11,E,54315.3301,-184832437.5
931,28,11,W,54509.5319,-185986275
932,28,12,E,54336.7757,-184203178.6
933,28,12,W,54335.74888,-184355871.9
934,28,13,E,54642.94972,-186512380.2
935,28,13,W,54049.38911,-182412605.5
936,28,14,E,54678.98829,-187844856.3
937,28,14,W,54321.67013,-184422904.1
938,28,15,E,54954.00794,-188102278.2
939,28,15,W,54486.60151,-185537662
940,28,16,E,54859.23172,-188076676
941,28,16,W,53342.68227,-177526639.3
942,28,17,E,54245.10846,-184021330.5
943,28,17,W,54438.13287,-185279870
944,28,18,E,54257.63548,-184256629.9
945,28,18,W,54472.41456,-185562149.7
946,28,19,E,54219.76521,-183744365.1
947,28,19,W,54385.03802,-184748317.8
948,28,20,E,53743.13529,-181536859.7
949,28,20,W,36438.71699,-46818733.36
950,28,21,E,54345.92739,-182967226.5
951,28,22,E,53759.50213,-181152806.3
952,28,23,E,56008.62133,-195757935.9
953,28,24,E,53338.64391,-177093580.1
954,28,25,E,54409.69097,-184081476.4
955,28,26,E,55017.72083,-189392183.5
956,28,27,E,54518.88899,-128309472.5
957,29,1,E,53850.72886,-181084049.6
958,29,1,W,54742.35619,-186936756.7
959,29,2,E,53943.45003,-181812147.1
960,29,2,W,54467.22859,-185482930.7
961,29,3,E,54147.53944,-183366867.6
962,29,3,W,54395.85402,-185031825.2
963,29,4,E,53407.36236,-178495441.6
964,29,4,W,54619.92831,-186369609.1
965,29,5,E,54520.11317,-185335140.5
966,29,5,W,54467.39263,-185639759.6
967,29,6,E,53973.05684,-182028730.2
968,29,6,W,54229.4815,-183963956
969,29,7,E,53646.87161,-179253077.7
970,29,7,W,54268.93887,-182814819.6
971,29,8,E,53664.2171,-180137832.3
972,29,8,W,54209.91276,-183949532.9
973,29,9,E,59770.8087,-222007319.1
974,29,9,W,54290.51878,-184460457.8
975,29,10,E,54602.00389,-186650670.3
976,29,10,W,54496.33389,-185633539.6
977,29,11,E,54244.79824,-183446602.2
978,29,11,W,54503.75204,-185565253.1
979,29,12,E,53955.28391,-182482476.4
980,29,12,W,54364.94869,-184751231.9
981,29,13,E,54410.50151,-185685916.6
982,29,13,W,54070.10382,-183126206.1
983,29,14,E,54724.75897,-187335143.9
984,29,14,W,54273.67674,-183565018.1
985,29,15,E,55215.18668,-189328699.3
986,29,15,W,54562.01722,-186498007.9
987,29,16,E,54989.43022,-189167596.8
988,29,16,W,53533.26003,-179001915.9
989,29,17,E,54411.50373,-184777669.1
990,29,17,W,54378.5535,-184741667.3
991,29,18,E,54373.68472,-184895949.8
992,29,18,W,54481.93494,-185207371.4
993,29,19,E,54358.9927,-184731603.8
994,29,19,W,54422.05116,-185181940.3
995,29,20,E,53265.8632,-176805239.8
996,29,20,W,36339.71878,-56409221.25
997,29,21,E,53766.80041,-180422770.3
998,29,22,E,53460.23745,-178558545
999,29,23,E,55017.44588,-189947705.3
1000,29,24,E,52513.22882,-169593629.9
1001,29,25,E,53787.62161,-180805748.6
1002,29,26,E,55185.1621,-191038936.5
1003,29,27,E,55395.71838,-175401175
1004,29,28,E,13432.20032,-10171483.98
1005,29,99,E,26510.07752,-1565036.808
1006,30,1,E,54134.43568,-182819142.7
1007,30,1,W,54920.90562,-188666272.3
1008,30,2,E,53487.52351,-178898943
1009,30,2,W,54671.15055,-186608978.3
1010,30,3,E,53849.37011,-180924200.5
1011,30,3,W,54646.55932,-186774765.2
1012,30,4,E,53050.03995,-175493840.6
1013,30,4,W,55101.38221,-190282407.6
1014,30,5,E,54154.92205,-183396675
1015,30,5,W,54971.23075,-187890533.7
1016,30,6,E,53732.82339,-180240813.4
1017,30,6,W,54882.18451,-188158060.2
1018,30,7,E,53514.18012,-178645778.2
1019,30,7,W,54989.3078,-188858482.4
1020,30,8,E,53876.32873,-181582706.1
1021,30,8,W,54798.57115,-187764022.8
1022,30,9,E,60315.38545,-225693849.8
1023,30,9,W,55301.31605,-191217544.1
1024,30,10,E,55177.47486,-190603018
1025,30,10,W,55582.47336,-193024911.1
1026,30,11,E,55091.01987,-189885243.3
1027,30,11,W,55711.69738,-193751599.9
1028,30,12,E,54877.76037,-187486916.6
1029,30,12,W,55600.3747,-192479706
1030,30,13,E,55186.76546,-189962896.4
1031,30,13,W,55209.11683,-190732555.2
1032,30,14,E,55137.69911,-189495371.6
1033,30,14,W,55299.27604,-191122309.9
1034,30,15,E,55500.42466,-192587854.5
1035,30,15,W,55364.50808,-191378587.5
1036,30,16,E,55350.62182,-191374926.2
1037,30,16,W,53962.02656,-181706445.1
1038,30,17,E,54471.44989,-185499712.6
1039,30,17,W,54408.87942,-185023178.6
1040,30,18,E,54459.30007,-185533725
1041,30,18,W,54762.06897,-187367732.1
1042,30,19,E,54391.8544,-184743605
1043,30,19,W,54591.84314,-186377737.2
1044,30,20,E,53281.24354,-177507051.4
1045,30,20,W,45721.12792,-92207129.85
1046,30,21,E,54677.09585,-186367133.4
1047,30,22,E,54795.72533,-188061867.1
1048,30,23,E,54296.03544,-180565043.5
1049,30,24,E,52590.60201,-160858896
1050,30,25,E,53754.33553,-165305180.3
1051,30,26,E,54883.69248,-187664174.8
1052,30,27,E,54977.68901,-188775268.5
1053,30,28,E,54630.01521,-140388334.1
1054,31,1,E,58830.78938,-214663233.5
1055,31,1,W,54681.83844,-186084412.8
1056,31,2,E,54775.05128,-190234175.6
1057,31,2,W,54621.81312,-186410517
1058,31,3,E,55111.64627,-189325601.8
1059,31,3,W,54675.27253,-187257839.4
1060,31,4,E,55288.25972,-191666253.9
1061,31,4,W,54662.11862,-186726363.9
1062,31,5,E,54901.62749,-188217698.8
1063,31,5,W,54633.10136,-186791904
1064,31,6,E,55014.49001,-188946851.1
1065,31,6,W,54697.31575,-186873280.3
1066,31,7,E,54947.74207,-188554852.3
1067,31,7,W,54492.91537,-185418992.3
1068,31,8,E,54926.55836,-188484822.5
1069,31,8,W,54318.03574,-184311053.6
1070,31,9,E,54398.78583,-184069782.3
1071,31,9,W,54637.00677,-186827458.2
1072,31,10,E,54820.09493,-186342195.8
1073,31,10,W,54799.95875,-187430468.5
1074,31,11,E,55434.02702,-192442871.5
1075,31,11,W,54883.03079,-188837545.5
1076,31,12,E,54736.26612,-187142655.5
1077,31,12,W,54800.82936,-187547121.5
1078,31,13,E,54929.74343,-188553596.1
1079,31,13,W,54829.62926,-188126231.6
1080,31,14,E,55133.95056,-189714081.3
1081,31,14,W,55017.88716,-189072774.3
1082,31,15,E,55091.67825,-190564006
1083,31,15,W,55677.87722,-193767211.3
1084,31,16,E,54585.0098,-185968179.2
1085,31,16,W,54970.07549,-188983392
1086,31,17,E,55277.02851,-192250742.9
1087,31,17,W,54881.66026,-187915725.5
1088,31,18,E,54835.10014,-187983587.7
1089,31,18,W,54862.61798,-189010415.4
1090,31,19,E,54664.74483,-186869343.2
1091,31,19,W,54714.88837,-181723186.2
1092,31,20,E,54086.59908,-182627733.6
1093,31,21,E,54830.78543,-189795856.2
1094,31,22,E,52285.28309,-164662236
1095,31,23,E,23245.62227,-19364367.04
1096,31,25,E,36152.71212,-46985892.94
1097,31,26,E,54974.42886,-188837765.3
1098,31,27,E,54892.67537,-188845088.8
1099,31,28,E,55305.3347,-191130506.3
1100,32,1,E,58876.6052,-213698900.3
1101,32,1,W,54852.83729,-188229115.2
1102,32,2,E,55175.31875,-189083865
1103,32,2,W,54570.98385,-186035295.8
1104,32,3,E,54846.67419,-186877492.7
1105,32,3,W,54604.57936,-186485948.4
1106,32,4,E,55544.44031,-192812508.8
1107,32,4,W,54710.95165,-186513009.7
1108,32,5,E,55049.02466,-189425535.8
1109,32,5,W,54879.50981,-187561421.3
1110,32,6,E,55350.87274,-191869224.3
1111,32,6,W,54954.47386,-188927425.3
1112,32,7,E,55095.97166,-190059532.2
1113,32,7,W,54828.53887,-187353938.4
1114,32,8,E,55121.10671,-189659243.6
1115,32,8,W,54595.44751,-186348517.5
1116,32,9,E,54830.88987,-187353178.3
1117,32,9,W,54539.01438,-185429690.7
1118,32,10,E,55489.57581,-194873005.8
1119,32,10,W,54535.33314,-185440139.5
1120,32,11,E,56260.50713,-197344837.4
1121,32,11,W,54371.77736,-184365407
1122,32,12,E,55031.56203,-189654542.8
1123,32,12,W,54364.11458,-184836887.8
1124,32,13,E,55041.8168,-189912392.6
1125,32,13,W,54484.80751,-184657631.6
1126,32,14,E,54930.48673,-188803541.5
1127,32,14,W,54548.6345,-185427383.3
1128,32,15,E,55003.27811,-188909542.4
1129,32,15,W,55743.9549,-194894991.6
1130,32,16,E,54764.76759,-187641760.6
1131,32,16,W,54678.83892,-186378955
1132,32,17,E,55014.80212,-188443325
1133,32,17,W,54568.39475,-186662591.5
1134,32,18,E,54758.8843,-189385905.7
1135,32,18,W,54235.98692,-183405558.3
1136,32,19,E,54581.86933,-185912993.2
1137,32,19,W,54321.10989,-184380285.2
1138,32,20,E,53749.63941,-179944989.4
1139,32,21,E,54136.18699,-183428824.7
1140,32,22,E,52396.69674,-149519479.2
1141,32,25,E,8870.848124,-4906797.03
1142,32,26,E,46446.97231,-96409492.81
1143,32,27,E,46554.18172,-131125440.9
1144,32,28,E,55674.18227,-167637013.3
1145,32,29,E,54981.22485,-119879654.1
1146,33,1,E,58733.98924,-215848277.8
1147,33,1,W,54934.22742,-188603432.3
1148,33,2,E,54906.6852,-187496948.6
1149,33,2,W,54830.74628,-187530634.2
1150,33,3,E,54961.41308,-188854559.3
1151,33,3,W,54836.43805,-188210434.2
1152,33,4,E,55377.15715,-192025206.3
1153,33,4,W,54824.82171,-187915836.7
1154,33,5,E,54953.47323,-188973217.9
1155,33,5,W,55161.12672,-190726482.4
1156,33,6,E,55137.28312,-189484048.9
1157,33,6,W,55195.60048,-189692009.4
1158,33,7,E,55050.26326,-189164100.6
1159,33,7,W,54795.41065,-186485029.2
1160,33,8,E,55116.18775,-190306000
1161,33,8,W,54398.42263,-185247433.3
1162,33,9,E,55261.97529,-190706090.9
1163,33,9,W,54641.3258,-187842608.1
1164,33,10,E,55178.01163,-192279403
1165,33,10,W,54853.78005,-188298870.3
1166,33,11,E,56216.2397,-195524400.6
1167,33,11,W,54646.35093,-187176226.9
1168,33,12,E,55160.34602,-189847204.7
1169,33,12,W,54501.77455,-185978978.6
1170,33,13,E,55127.20545,-189558983.3
1171,33,13,W,54424.77597,-185244638
1172,33,14,E,55232.88549,-190008899.5
1173,33,14,W,54605.45493,-186703605.1
1174,33,15,E,55174.19125,-189959666.2
1175,33,15,W,55836.24292,-194283716.5
1176,33,16,E,55472.94317,-192786339.7
1177,33,16,W,54440.88055,-185464234.9
1178,33,17,E,54881.35827,-186685593.8
1179,33,17,W,54353.89827,-183965322.5
1180,33,18,E,54890.16641,-187402546.9
1181,33,18,W,54704.81549,-186818954.6
1182,33,19,E,55248.61924,-190319578.4
1183,33,19,W,49830.77995,-103785026
1184,33,20,E,54875.42761,-188519436.7
1185,33,21,E,63381.38606,-170302604.6
1186,33,22,E,54148.32038,-167871747.8
1187,33,23,E,32202.25583,-40445576.27
1188,33,28,E,13960.32637,-10690244.61
1189,33,29,E,54424.3723,-107750408.8
1190,33,30,E,46104.5995,-80032839.05
1191,34,1,E,58636.60948,-213836298.4
1192,34,1,W,55003.55991,-189175998.5
1193,34,2,E,54861.64384,-187518598.3
1194,34,2,W,54877.34735,-188081513.7
1195,34,3,E,54914.51825,-186663524.2
1196,34,3,W,54923.5323,-188847199.8
1197,34,4,E,54790.98287,-189031248
1198,34,4,W,54714.87179,-187754850.5
1199,34,5,E,54739.95401,-187053657.8
1200,34,5,W,55123.09631,-188780708.2
1201,34,6,E,54852.78623,-187649176.5
1202,34,6,W,55185.9728,-191174563.3
1203,34,7,E,55002.37208,-189694760.9
1204,34,7,W,55004.12255,-190394177.1
1205,34,8,E,55004.48218,-188732562.3
1206,34,8,W,54558.78717,-185364479.3
1207,34,9,E,55701.1184,-192320749
1208,34,9,W,54472.12804,-185659744.5
1209,34,10,E,56219.37131,-197072297.9
1210,34,10,W,54762.09289,-187400410.6
1211,34,11,E,56167.02289,-197963228.9
1212,34,11,W,54856.49839,-187264663.8
1213,34,12,E,54886.31038,-188030031.4
1214,34,12,W,54957.17619,-188812814.3
1215,34,13,E,55001.51927,-188046699.8
1216,34,13,W,54757.68726,-187603962.4
1217,34,14,E,54985.15112,-189034735.1
1218,34,14,W,54831.97264,-187634243.4
1219,34,15,E,54760.23535,-187387814.2
1220,34,15,W,56159.69138,-196768820.9
1221,34,16,E,55416.19167,-192384167.8
1222,34,16,W,54912.88449,-189373575.2
1223,34,17,E,54714.1245,-186712337.6
1224,34,17,W,54601.78196,-187147457
1225,34,18,E,55182.52473,-191065775.4
1226,34,18,W,54857.57526,-187631641
1227,34,19,E,54930.83135,-186945679.8
1228,34,19,W,36485.52365,31234999.65
1229,34,20,E,54474.82385,-185515146.9
1230,34,21,E,50404.80461,117029791.5
1231,34,22,E,15390.94929,-11030937.11
1232,34,23,E,15381.69861,-11550273.62
1233,34,29,E,36046.47874,-75198175.26
1234,34,30,E,50400.89977,-146993058.2
1235,35,1,E,58781.59587,-212412745.2
1236,35,1,W,55510.20862,-194211452.2
1237,35,2,E,55083.36177,-190055621
1238,35,2,W,55456.40625,-191530418.8
1239,35,3,E,55101.07815,-189133746.1
1240,35,3,W,55410.84912,-191212581.1
1241,35,4,E,55413.29592,-191956723.7
1242,35,4,W,55137.52933,-190194138.8
1243,35,5,E,55371.86704,-191190626
1244,35,5,W,55267.86172,-190428083.3
1245,35,6,E,55636.95142,-193185666.6
1246,35,6,W,55431.82383,-192444024.4
1247,35,7,E,55760.32967,-194087678.3
1248,35,7,W,55300.79863,-190550787.7
1249,35,8,E,55244.60831,-190638412.8
1250,35,8,W,54954.67627,-187818691
1251,35,9,E,55662.10127,-192939472.8
1252,35,9,W,54571.23048,-187132776.8
1253,35,10,E,55389.48289,-191243892.4
1254,35,10,W,54802.61089,-187396863.3
1255,35,11,E,55948.41097,-193371602.1
1256,35,11,W,54851.36464,-188283905.4
1257,35,12,E,54895.66082,-187653954.4
1258,35,12,W,55037.36092,-189524599.7
1259,35,13,E,54734.52275,-187088537
1260,35,13,W,54753.59455,-187594705.3
1261,35,14,E,54904.51456,-188246988.3
1262,35,14,W,54929.76906,-188627396.5
1263,35,15,E,54731.31576,-188315524.3
1264,35,15,W,55874.09134,-195328920.9
1265,35,16,E,55316.55006,-190069986.3
1266,35,16,W,54580.0385,-185232281.3
1267,35,17,E,54437.52189,-185093416
1268,35,17,W,54655.63443,-185501986.7
1269,35,18,E,55059.10683,-190027876.4
1270,35,18,W,54858.70716,-189551945.5
1271,35,19,E,54571.27181,-187158058.5
1272,35,19,W,50443.9136,-120561750.6
1273,35,20,E,54550.30367,-184108015.8
1274,35,21,E,54151.61351,-183112865.1
1275,35,22,E,25499.61747,-15215458.62
1276,36,1,E,59194.94286,-217721643.9
1277,36,1,W,55317.29707,-192205810.3
1278,36,2,E,55970.99835,-194620971
1279,36,2,W,54942.23071,-188607827
1280,36,3,E,55795.49619,-195077274.8
1281,36,3,W,54958.95768,-189289737.6
1282,36,4,E,55859.82858,-195177093.6
1283,36,4,W,54891.45429,-188536802.7
1284,36,5,E,56189.4658,-197274346.5
1285,36,5,W,55115.82852,-190260444.9
1286,36,6,E,55947.16486,-195271651.8
1287,36,6,W,55266.39643,-190926008.3
1288,36,7,E,56014.19234,-196434826
1289,36,7,W,54985.63743,-189141727.6
1290,36,8,E,55026.98272,-188356740.3
1291,36,8,W,54509.38632,-185818370.7
1292,36,9,E,56768.79195,-202537082.8
1293,36,9,W,54133.48805,-181890713.7
1294,36,10,E,55539.91748,-188491017.5
1295,36,10,W,54635.27322,-187055443.4
1296,36,11,E,56483.46604,-199394429
1297,36,11,W,54936.1367,-188888406
1298,36,12,E,54892.2223,-190140969.8
1299,36,12,W,54744.3602,-186149571.8
1300,36,13,E,55029.63342,-189088011.7
1301,36,13,W,54690.06261,-187452606.3
1302,36,14,E,55191.86973,-190601894.5
1303,36,14,W,55153.77157,-190326206.2
1304,36,15,E,55071.80181,-189687506.5
1305,36,15,W,56060.07762,-196413095.1
1306,36,16,E,55645.32666,-193638155
1307,36,16,W,54682.68827,-187301604.2
1308,36,17,E,54767.40034,-187136188.1
1309,36,17,W,54577.9937,-185703031.6
1310,36,18,E,55453.3698,-192310818.4
1311,36,18,W,54975.89782,-189107747.9
1312,36,19,E,54381.94723,-184001239.6
1313,36,19,W,55305.74798,-190783524.7
1314,36,20,E,54336.08669,-185685665.1
1315,36,20,W,55119.0657,-184671102
1316,36,21,E,57900.4182,-180528244.6
1317,36,22,E,31131.91205,34487169.75
1318,37,1,E,58820.79323,-213769553.1
1319,37,1,W,55253.1735,-189792078.4
1320,37,2,E,54765.59909,-188464364.4
1321,37,2,W,54946.08526,-188574787.6
1322,37,3,E,54872.2172,-188373108
1323,37,3,W,55268.8562,-191008849.5
1324,37,4,E,54959.92762,-189161203.7
1325,37,4,W,54893.95552,-187682268.3
1326,37,5,E,55626.48232,-193214115.1
1327,37,5,W,55298.47297,-191708449.8
1328,37,6,E,55254.07249,-190668234.4
1329,37,6,W,55331.68682,-191857895.1
1330,37,7,E,55546.33065,-192835471.5
1331,37,7,W,55005.83647,-188356950.5
1332,37,8,E,54747.42517,-186958764
1333,37,8,W,54766.17428,-187016444.7
1334,37,9,E,55738.65821,-192276252
1335,37,9,W,54291.59849,-183975240.5
1336,37,10,E,55541.79844,-195645774.6
1337,37,10,W,54496.43644,-185410640.6
1338,37,11,E,56927.82579,-202857523.2
1339,37,11,W,54784.54765,-187311031.9
1340,37,12,E,54936.00938,-187766144.9
1341,37,12,W,54732.26559,-187318142.3
1342,37,13,E,54911.64127,-188721576.1
1343,37,13,W,54675.07782,-186178610.4
1344,37,14,E,55224.0481,-190590572.3
1345,37,14,W,54795.58884,-187323774
1346,37,15,E,55144.827,-189682556.4
1347,37,15,W,56142.90752,-196382059.2
1348,37,16,E,55711.62849,-194233587.9
1349,37,16,W,54799.8745,-187792116.1
1350,37,17,E,54736.56361,-187255631.9
1351,37,17,W,54706.05664,-187011820.9
1352,37,18,E,55565.44831,-192384592.1
1353,37,18,W,54871.19431,-188281869.9
1354,37,19,E,54296.03919,-184218145.5
1355,37,19,W,55118.23387,-190233656.4
1356,37,20,E,54612.97575,-185874102.9
1357,37,20,W,54847.57499,-167659530.9
1358,37,21,E,56545.28058,-183539719.8
1359,37,22,E,27790.48052,17181668.92
1360,38,1,E,59086.0026,-219760636.5
1361,38,1,W,55438.79197,-192016230.1
1362,38,2,E,55091.63701,-190580040.5
1363,38,2,W,54844.70084,-188077540.4
1364,38,3,E,55398.12073,-189937374.6
1365,38,3,W,55151.06519,-191008884.8
1366,38,4,E,55096.68856,-189181623.1
1367,38,4,W,55128.81662,-191338790.1
1368,38,5,E,55085.86691,-190596170.3
1369,38,5,W,55389.75047,-190900704
1370,38,6,E,54740.03651,-186827256.2
1371,38,6,W,55301.11828,-191452957.8
1372,38,7,E,54931.24718,-188506739.8
1373,38,7,W,55115.58327,-189661291.6
1374,38,8,E,54789.41343,-187140505.1
1375,38,8,W,55653.10142,-193152119.6
1376,38,9,E,55470.30934,-194123084.9
1377,38,9,W,55537.2983,-193798352.8
1378,38,10,E,55425.4976,-192187431.3
1379,38,10,W,55634.63858,-193107639.8
1380,38,11,E,56252.31593,-198207434.8
1381,38,11,W,55882.40912,-194504708.8
1382,38,12,E,54932.03935,-188601117.8
1383,38,12,W,55955.70628,-196776996.2
1384,38,13,E,55255.04547,-190556296.2
1385,38,13,W,56112.11544,-196716607.3
1386,38,14,E,55327.28892,-191132697.4
1387,38,14,W,56056.85477,-195887144.3
1388,38,15,E,55368.66702,-191969435.8
1389,38,15,W,57566.82204,-207197904.2
1390,38,16,E,55900.52577,-195216461.9
1391,38,16,W,56217.87117,-197649663.9
1392,38,17,E,54893.35833,-188454038.7
1393,38,17,W,55348.70297,-190372865.5
1394,38,18,E,55659.11479,-193547823.7
1395,38,18,W,55074.92552,-189740193
1396,38,19,E,53628.32647,-172234141.3
1397,38,19,W,55316.25484,-191632451.4
1398,38,20,E,52664.20958,-144566245.7
1399,38,20,W,36914.60702,-42394578.96
1400,38,21,E,41113.45416,-65806146.29
1401,38,22,E,1476.132229,-86111.87612
1402,39,1,E,57476.66371,-203546590
1403,39,1,W,55803.35314,-194038989.5
1404,39,2,E,52825.0611,-173890228.9
1405,39,2,W,54792.89604,-187338201.4
1406,39,3,E,52882.88387,-174836047.2
1407,39,3,W,54810.67301,-186360303.1
1408,39,4,E,53004.68439,-173887805
1409,39,4,W,55043.18389,-190400778.7
1410,39,5,E,53354.9012,-178676903.2
1411,39,5,W,55254.64933,-190879136.1
1412,39,6,E,53079.84125,-175975073.8
1413,39,6,W,55114.23403,-189396542.8
1414,39,7,E,53423.82634,-178343429.1
1415,39,7,W,54864.52978,-187707084.9
1416,39,8,E,53357.05752,-177199713.5
1417,39,8,W,54930.23957,-187820679
1418,39,9,E,54332.76353,-181604074.7
1419,39,9,W,54937.63358,-189724346.5
1420,39,10,E,54663.6415,-187631054.6
1421,39,10,W,54695.32013,-186161890.8
1422,39,11,E,56312.80588,-191649538.7
1423,39,11,W,55169.65163,-190498820.7
1424,39,12,E,54690.44499,-187502383.8
1425,39,12,W,54638.62596,-185971368.3
1426,39,13,E,55283.25203,-190317676.8
1427,39,13,W,54599.04428,-187826725.2
1428,39,14,E,55329.0228,-191339176.7
1429,39,14,W,54466.85741,-185462752.1
1430,39,15,E,55352.59052,-191009162.2
1431,39,15,W,55697.49178,-193270226.6
1432,39,16,E,55504.45473,-192997290
1433,39,16,W,54807.45305,-187227759.1
1434,39,17,E,54783.49171,-187164013.9
1435,39,17,W,54750.83737,-187753619.1
1436,39,18,E,55705.09286,-194227604
1437,39,18,W,55143.3508,-190029193.6
1438,39,19,E,50296.02739,-110203693.5
1439,39,19,W,55090.05789,-154217562.8
1440,40,1,E,57966.17041,-208496554.6
1441,40,1,W,55951.27618,-197032309.6
1442,40,2,E,54817.13819,-188717916.7
1443,40,2,W,54773.73656,-186631443.3
1444,40,3,E,54642.09051,-185785829
1445,40,3,W,54151.75087,-180622576.7
1446,40,4,E,54305.00718,-185612530
1447,40,4,W,54220.71779,-182544969
1448,40,5,E,54581.45967,-185926968.6
1449,40,5,W,54566.27814,-186772067.4
1450,40,6,E,54176.91282,-183472768.1
1451,40,6,W,54055.86882,-182137798
1452,40,7,E,54455.70465,-185078554.2
1453,40,7,W,54210.13528,-183314975.7
1454,40,8,E,55196.65574,-184895658.5
1455,40,8,W,53905.25074,-181377155.7
1456,40,9,E,54111.83056,-186637079.2
1457,40,9,W,54014.27834,-183633207.7
1458,40,10,E,53903.59857,-179551624.8
1459,40,10,W,53294.79084,-178005525.7
1460,40,11,E,56039.44448,-198027542.6
1461,40,11,W,54650.69322,-184964666.6
1462,40,12,E,55156.65349,-190530092.4
1463,40,12,W,54562.65795,-185483722.7
1464,40,13,E,55621.54655,-193234795.7
1465,40,13,W,54024.64515,-182349835.8
1466,40,14,E,55411.69054,-192004986.1
1467,40,14,W,54189.44402,-183342333.6
1468,40,15,E,55281.58083,-190847259.3
1469,40,15,W,54724.3695,-186408603.6
1470,40,16,E,55724.93443,-193667091.5
1471,40,16,W,53007.84653,-175624222.7
1472,40,17,E,56845.92616,-173157036.7
1473,40,17,W,52970.5231,-175710913.1
1474,40,18,E,52176.67821,-133513093
1475,40,18,W,53410.3638,-125629616.8
1476,40,19,E,34581.12852,-54177755.81
1477,40,19,W,18503.44756,-16016568.2
1478,41,1,E,55519.88396,-192992345.1
1479,41,1,W,55662.85052,-195085900.2
1480,41,2,E,55217.45605,-190161484.7
1481,41,2,W,56002.3391,-195583305.2
1482,41,3,E,55365.30584,-191723626.4
1483,41,3,W,55411.17204,-193597658.8
1484,41,4,E,55598.05221,-192285339.1
1485,41,4,W,56040.78729,-195544431.7
1486,41,5,E,55638.2453,-193506024.1
1487,41,5,W,55956.70436,-194012921.8
1488,41,6,E,55687.35194,-193656003.2
1489,41,6,W,55534.23259,-195037774.1
1490,41,7,E,55549.77838,-193758637.7
1491,41,7,W,55987.40509,-196119846.8
1492,41,8,E,55470.56808,-192338378.7
1493,41,8,W,55899.41735,-195112234.4
1494,41,9,E,55545.99433,-192936742.8
1495,41,9,W,55932.88902,-194753094.5
1496,41,10,E,55525.59407,-191893281.2
1497,41,10,W,55379.15434,-191410773.9
1498,41,11,E,55385.11652,-191581917.5
1499,41,11,W,55849.5514,-194647230.3
1500,41,12,E,55377.97013,-191577675.9
1501,41,12,W,56011.42199,-195868363.1
1502,41,13,E,51522.58886,-143514465.1
1503,41,13,W,55929.89672,-195665362.5
1504,41,14,E,51708.42433,-87657893.05
1505,41,14,W,55672.22947,-194544620.4
1506,41,15,E,50451.37885,-40660459.8
1507,41,15,W,55558.4641,-192970228.5
1508,41,16,E,41271.34795,-48753120.79
1509,41,16,W,60136.16455,-145172267.5
1510,41,17,E,12400.6785,2827096.606
1511,41,17,W,23193.48896,-21393713.42
1512,42,1,E,55609.86983,-192596312.6
1513,42,1,W,55180.75716,-189212076.3
1514,42,2,E,55902.44034,-195995670.3
1515,42,2,W,55377.33529,-190947285
1516,42,3,E,55443.44667,-191101559.5
1517,42,3,W,55373.76204,-191149781.5
1518,42,4,E,55485.12385,-193285747.5
1519,42,4,W,55904.59586,-195273930.1
1520,42,5,E,55493.29611,-192323317.4
1521,42,5,W,55885.67197,-195350516.6
1522,42,6,E,55624.95872,-193230657.6
1523,42,6,W,55865.80826,-192721417.4
1524,42,7,E,55658.48666,-193083288.8
1525,42,7,W,56226.73417,-198584844.1
1526,42,8,E,55597.68082,-192949748.2
1527,42,8,W,55461.39223,-193046504.2
1528,42,9,E,55750.52021,-193956677.4
1529,42,9,W,55659.36807,-193982490.3
1530,42,10,E,55476.75935,-194011385.7
1531,42,10,W,55264.22327,-191851830.3
1532,42,11,E,51237.00068,-161831808.6
1533,42,11,W,55533.23386,-192869819.6
1534,42,12,E,39305.86319,-66386769.3
1535,42,12,W,55899.72661,-194990142
1536,42,13,E,3654.863288,-517631.4961
1537,42,13,W,55889.79244,-195623808.4
1538,42,14,W,55824.39338,-194208022.4
1539,42,15,W,55840.56231,-194648628.2
1540,42,16,W,9269.987111,-5384229.382
1541,43,1,E,55294.46668,-190419387.7
1542,43,1,W,55740.41966,-193826212
1543,43,2,E,55572.27153,-192994180.7
1544,43,2,W,55044.07104,-189167180.2
1545,43,3,E,55372.96107,-190813867.7
1546,43,3,W,55458.37835,-193621051.6
1547,43,4,E,55370.38653,-192705679.2
1548,43,4,W,56101.01894,-195755835
1549,43,5,E,55540.48599,-192621932.7
1550,43,5,W,56039.6107,-196028318.9
1551,43,6,E,55824.80122,-195059579.5
1552,43,6,W,55686.72103,-194267470.1
1553,43,7,E,53627.74262,-183948667.1
1554,43,7,W,55618.97392,-192610734.7
1555,43,8,E,47650.59734,-134640960.3
1556,43,8,W,55509.82203,-192311264.7
1557,43,9,E,40041.61366,-80853977.51
1558,43,9,W,55726.78474,-193372863
1559,43,10,E,31235.9176,-25242114.72
1560,43,10,W,55465.12702,-191549405.9
1561,43,11,W,55618.06296,-192811592.2
1562,43,12,W,55729.47355,-193768883.7
1563,43,13,W,56006.12897,-195532378.5
1564,43,14,W,55697.21188,-195576282.9
1565,43,15,W,56051.16619,-194402916.5
1566,44,1,E,55520.52803,-193191902.8
1567,44,1,W,55712.96934,-194229210.8
1568,44,2,E,55705.41979,-192525661.4
1569,44,2,W,55241.30728,-190781179.9
1570,44,3,E,55007.41299,-192498643.2
1571,44,3,W,55276.06296,-191239691.2
1572,44,4,E,50127.14752,-151281794.1
1573,44,4,W,55569.91051,-193821624.7
1574,44,5,E,42706.76351,-100321342
1575,44,5,W,55378.9436,-191382784.7
1576,44,6,E,35428.43829,-47939634.12
1577,44,6,W,55960.90642,-195563479.8
1578,44,7,E,11077.27051,-3834335.62
1579,44,7,W,55816.31552,-194535033.2
1580,44,8,W,55738.43067,-194573920.7
1581,44,9,W,55576.42754,-192685340.4
1582,44,10,W,55535.93683,-192309055.6
1583,44,11,W,55982.93547,-196104304.6
1584,44,12,W,55554.14357,-193203912.2
1585,44,13,W,56063.98223,-195694739.7
1586,44,14,W,55810.82709,-195317368.9
1587,44,15,W,56105.82004,-194291100.9
1588,45,1,E,55722.95308,-196287616.9
1589,45,1,W,55640.3518,-193360140.1
1590,45,2,E,55677.84432,-191731241.6
1591,45,2,W,55831.89314,-194914113
1592,45,3,E,53118.39857,-71167879.07
1593,45,3,W,55609.58575,-192053488.7
1594,45,4,W,56109.29373,-196235816.5
1595,45,5,W,55833.15485,-195317155.9
1596,45,6,W,55905.63439,-195230373.3
1597,45,7,W,55747.3637,-194318331.2
1598,45,8,W,55750.6163,-193412914.3
1599,45,9,W,55537.05062,-193017972.3
1600,45,10,W,55422.4174,-192795301.1
1601,45,11,W,55738.48747,-193140537.5
1602,45,12,W,55536.73851,-193071541.5
1603,45,13,W,55836.31352,-195034152.1
1604,45,14,W,55862.36828,-194577981.2
1605,45,15,W,56258.34568,-196266118.5
1606,46,1,E,55954.63849,-195401002
1607,46,1,W,55633.74821,-193150127.5
1608,46,2,E,56059.99874,-171349286.6
1609,46,2,W,55957.30351,-196131545.9
1610,46,3,E,12956.85046,-7084575.112
1611,46,3,W,55984.99699,-195526278.8
1612,46,4,W,56341.94811,-198475689.3
1613,46,5,W,56683.8501,-200719773.1
1614,46,6,W,56513.55155,-199164487.2
1615,46,7,W,56194.27049,-197749977.5
1616,46,8,W,55893.72079,-195307262.3
1617,46,9,W,55497.58041,-193253555.1
1618,46,10,W,55163.02167,-189019554.7
1619,46,11,W,55243.71386,-191310777.2
1620,46,12,W,55882.36243,-195072090.1
1621,46,13,W,55476.58242,-192211460.2
1622,46,14,W,55574.92202,-192294731.7
1623,46,15,W,56065.77092,-194109187.3
1624,47,1,E,60924.96281,-94360547.65
1625,47,1,W,55020.79674,-175268666
1626,47,2,E,30686.24827,-13508824.63
1627,47,2,W,55826.48776,-194163734.6
1628,47,3,W,55746.32748,-195480328.4
1629,47,4,W,55748.89701,-194523889.9
1630,47,5,W,55647.88598,-193132883.5
1631,47,6,W,55472.68706,-192517017.1
1632,47,7,W,55692.0074,-195452882.4
1633,47,8,W,55889.28818,-194098935.4
1634,47,9,W,56052.09524,-196950517.9
1635,47,10,W,56124.16359,-196656797.2
1636,47,11,W,56113.51623,-196432674.9
1637,47,12,W,56088.38176,-196728761.1
1638,47,13,W,55856.37323,-194630124.1
1639,47,14,W,56052.94555,-196669532.4
1640,47,15,W,54625.41286,-184591071.2
1641,48,1,W,14572.13508,-11446991.62
1642,48,2,W,51451.8834,-86774981.76
1643,48,3,W,56040.14218,-196617063.6
1644,48,4,W,56000.95776,-194110710.4
1645,48,5,W,56509.06586,-200242065.1
1646,48,6,W,56055.14112,-196841542.1
1647,48,7,W,55681.9181,-192483814.3
1648,48,8,W,55253.62776,-191106244
1649,48,9,W,55845.7629,-194722012.1
1650,48,10,W,56194.03169,-197530488.7
1651,48,11,W,56110.85203,-196688173.8
1652,48,12,W,56511.47939,-200310871.4
1653,48,13,W,56033.34574,-196608512.8
1654,48,14,W,56342.06641,-197951445.5
1655,48,15,W,59645.83277,-165367283.7
1656,49,3,W,55981.566,-195560724.3
1657,49,4,W,55896.17631,-195646032
1658,49,5,W,56120.38532,-197223802.2
1659,49,6,W,55667.40612,-193157698.4
1660,49,7,W,55685.57447,-194381435.3
1661,49,8,W,55295.22226,-190845506.6
1662,49,9,W,56086.31604,-195470950.4
1663,49,10,W,56529.9616,-188268216.2
1664,49,11,W,46928.14531,-132613600.2
1665,49,12,W,47094.56304,-133093670.8
1666,49,13,W,51155.43186,-118770516.2
1667,49,14,W,51584.99464,-165280556.2
1668,49,15,W,19167.30779,-18076677.2
1669,50,2,W,51707.67132,-75863294.59
1670,50,3,W,55569.65795,-190907643.3
1671,50,4,W,56048.79006,-196591880.1
1672,50,5,W,56096.62946,-195987243.2
1673,50,6,W,55721.07415,-194038006.5
1674,50,7,W,56233.02034,-196934952.8
1675,50,8,W,51650.8737,-126313949
1676,50,9,W,28526.96806,-28473828.51
1677,51,1,W,47065.34756,-118033476.6
1678,51,2,W,53240.94659,-175543954.1
1679,51,3,W,54978.06051,-179401924.7
1680,51,4,W,56432.2759,-198647629.9
1681,51,5,W,56396.38346,-198313251.6
1682,51,6,W,41765.03559,-96888947.44
1683,51,7,W,32469.65134,-48203966.34
1684,52,1,E,14230.51518,-11300033.76
1685,52,1,W,60124.51546,-223813775.6
1686,52,2,W,60165.08612,-228874024.9
1687,52,3,W,57004.40252,-203283341.6
1688,52,4,W,55618.70603,-192958463
1689,52,5,W,56425.57766,-139040071.7
1690,53,1,E,33145.08302,-56004164.91
1691,53,1,W,51664.22054,-165634076
1692,53,2,W,51920.15887,-167329253.4
1693,53,3,W,51477.2409,-128511269.4