OBJECTID_1,OBJECTID,DNR_REGION,DNR_CNTY_C,COUNTY_NAM,COUNTY_FIP,SHAPEAREA,SHAPELEN,Shape_Length,Shape_Area,Point_Count
1,1281,Southeast Region,30,Kenosha,59,721045434.4,123267.3034,123267.3035,721045434.4,6
2,1282,South Central Region,33,Lafayette,65,1641794820,164707.6498,164707.6499,1641794821,25
3,1283,South Central Region,54,Rock,105,1879381549,174114.5877,174114.5877,1879381549,21
4,1284,Southeast Region,65,Walworth,127,1492598262,154833.2794,154833.2794,1492598262,16
5,1285,South Central Region,23,Green,45,1512854984,155741.1044,155741.1043,1512854983,24
6,1286,Southeast Region,52,Racine,101,881856997.1,136330.1469,136330.1469,881856997.3,10
7,1287,South Central Region,28,Jefferson,55,1508383943,155148.7298,155148.7298,1508383943,24
8,1288,Southeast Region,68,Waukesha,133,1503091655,154932.8695,154932.8695,1503091655,10
9,1289,South Central Region,25,Iowa,49,1987500062,190748.5305,190748.5304,1987500062,17
10,1290,Southeast Region,41,Milwaukee,79,628432374.3,129879.5616,129879.5607,628432373.9,4
11,1291,South Central Region,22,Grant,43,3056072357,247096.2993,247096.2994,3056072356,53
12,1292,South Central Region,13,Dane,25,3204610205,231224.53,231224.5298,3204610205,44
13,1293,West Central Region,12,Crawford,23,1550525534,181827.3727,181827.3726,1550525534,12
14,1294,South Central Region,53,Richland,103,1524958367,167590.535,167590.5349,1524958367,20
15,1295,Southeast Region,67,Washington,131,1128189117,138783.0271,138783.027,1128189117,9
16,1296,Southeast Region,46,Ozaukee,89,609374148,119252.9044,119252.9043,609374148.3,4
17,1297,South Central Region,14,Dodge,27,2348412247,195437.6681,195437.6681,2348412247,26
18,1298,South Central Region,57,Sauk,111,2196077683,215968.2093,215968.2092,2196077682,22
19,1299,South Central Region,11,Columbia,21,2060373640,222534.7057,222534.7058,2060373639,29
20,1300,West Central Region,63,Vernon,123,2113139378,221363.6209,221363.621,2113139378,23
21,1301,Southeast Region,60,Sheboygan,117,1340398331,145771.2797,145771.2796,1340398330,23
22,1302,Northeast Region,20,Fond du Lac,39,1982400534,204269.2374,204269.2373,1982400534,21
23,1303,Northeast Region,39,Marquette,77,1201734894,150978.0103,150978.0103,1201734894,20
24,1304,Northeast Region,24,Green Lake,47,983974034,142066.5349,142066.535,983974034.3,17
25,1305,West Central Region,32,La Crosse,63,1242359440,161107.8677,161107.8675,1242359440,18
26,1306,West Central Region,42,Monroe,81,2350927325,201575.0767,201575.0767,2350927324,30
27,1307,Northeast Region,70,Waushara,137,1649677050,171963.6307,171963.6308,1649677050,21
28,1308,West Central Region,29,Juneau,57,2081415930,243946.749,243946.7492,2081415931,21
29,1309,West Central Region,1,Adams,1,1781418527,207462.2675,207462.2676,1781418527,18
30,1310,Northeast Region,71,Winnebago,139,1498762653,154940.9415,154940.9416,1498762653,21
31,1311,Northeast Region,8,Calumet,15,1027434026,135857.9962,135857.9962,1027434026,15
32,1312,Northeast Region,36,Manitowoc,71,1542430955,170576.9319,170576.9322,1542430955,23
33,1313,Northeast Region,45,Outagamie,87,1668716245,164097.0312,164097.0313,1668716245,12
34,1314,West Central Region,27,Jackson,53,2588595104,253228.7579,253228.7578,2588595105,36
35,1315,West Central Region,62,Trempealeau,121,1920107762,223790.3752,223790.3754,1920107762,24
36,1316,West Central Region,6,Buffalo,11,1837279814,211900.7292,211900.7296,1837279814,19
37,1317,West Central Region,72,Wood,141,2094135332,191085.8318,191085.8318,2094135332,25
38,1318,Northeast Region,69,Waupaca,135,1980254728,195117.0485,195117.0485,1980254728,29
39,1319,West Central Region,50,Portage,97,2130215218,195740.2818,195740.2819,2130215217,28
40,1320,West Central Region,47,Pepin,91,644168009.8,156123.0833,156123.0833,644168009.5,8
41,1321,Northeast Region,31,Kewaunee,61,891120607.5,129297.8167,129297.8171,891120607.8,6
42,1322,West Central Region,18,Eau Claire,35,1670530918,173193.0748,173193.0748,1670530918,28
43,1323,West Central Region,48,Pierce,93,1535001842,165723.5517,165723.5518,1535001842,23
44,1324,Northeast Region,59,Shawano,115,2354405476,253897.784,253897.7839,2354405477,31
45,1325,West Central Region,10,Clark,19,3153811947,231503.1863,231503.1864,3153811948,45
46,1326,West Central Region,37,Marathon,73,4079194655,269394.2875,269394.2876,4079194655,46
47,1327,Northeast Region,40,Menominee,78,944886803.4,136275.441,136275.441,944886803,10
48,1328,West Central Region,17,Dunn,33,2236630412,196419.5028,196419.5028,2236630411,25
49,1329,West Central Region,56,St. Croix,109,1905920414,182745.1574,182745.1573,1905920414,28
50,1330,West Central Region,9,Chippewa,17,2695241370,213839.986,213839.986,2695241369,38
51,1331,Northeast Region,15,Door,29,1264058344,480279.2327,480279.2323,1264058343,9
52,1332,Northern Region,61,Taylor,119,2547273649,216140.0807,216140.0808,2547273649,28
53,1333,Northeast Region,43,Oconto,83,2632688086,310010.7407,310010.7407,2632688086,22
54,1334,Northern Region,34,Langlade,67,2298178417,220898.3499,220898.3498,2298178416,27
55,1335,Northern Region,35,Lincoln,69,2346733942,193441.1732,193441.1733,2346733943,35
56,1336,Northern Region,55,Rusk,107,2409930944,211796.5668,211796.5668,2409930945,27
57,1337,Northern Region,3,Barron,5,2304013500,191882.6898,191882.6898,2304013500,29
58,1338,Northern Region,49,Polk,95,2477352684,237962.4896,237962.4894,2477352684,28
59,1339,Northeast Region,38,Marinette,75,3702103112,389404.7658,389404.7653,3702103112,41
60,1340,Northern Region,44,Oneida,85,3200078055,260146.2471,260146.2471,3200078056,40
61,1341,Northern Region,51,Price,99,3307613324,232671.3276,232671.3275,3307613324,52
62,1342,Northern Region,19,Florence,37,1287732789,186024.2227,186024.2223,1287732789,7
63,1343,Northern Region,21,Forest,41,2708836355,256474.6095,256474.6097,2708836355,45
64,1344,Northern Region,58,Sawyer,113,3494980627,250615.2565,250615.2564,3494980627,45
65,1345,Northern Region,66,Washburn,129,2208826421,193998.1431,193998.143,2208826421,27
66,1346,Northern Region,7,Burnett,13,2278506549,255299.1908,255299.1909,2278506550,24
67,1347,Northern Region,64,Vilas,125,2634484406,250507.6723,250507.6723,2634484407,39
68,1348,Northern Region,26,Iron,51,2076555824,241955.5434,241955.5428,2076555824,29
69,1349,Northern Region,16,Douglas,31,3476446003,258177.0175,258177.0175,3476446003,50
70,1350,Northern Region,4,Bayfield,7,3914442993,342451.9804,342451.9792,3914442994,50
71,1351,Northern Region,2,Ashland,3,2729952138,526588.0655,526588.0659,2729952138,31
72,1352,Northeast Region,5,Brown,9,1387498145,243078.3035,243078.3024,1387498145,12