"t_num","t_dir","r_num","r_dir","R_pt_ct","NR_pt_ct","kadmon_index_top","kadmon_index_bottom","kadmon_index","OBJECTID","Shape_Length","Shape_Area"
53,"N",1,"E",1,0,-1,0.999708242152798,-1.00029184299469,1690,33145.08302,-56004164.91
53,"N",1,"W",1,0,-1,0.999708242152798,-1.00029184299469,1691,51664.22054,-165634076
53,"N",2,"W",1,0,-1,0.999708242152798,-1.00029184299469,1692,51920.15887,-167329253.4
53,"N",3,"W",0,0,0,0,NA,1693,51477.2409,-128511269.4
52,"N",5,"W",0,4,4,0,Inf,1689,56425.57766,-139040071.7
52,"N",4,"W",0,2,2,0,Inf,1688,55618.70603,-192958463
52,"N",1,"E",0,0,0,0,NA,1684,14230.51518,-11300033.76
52,"N",1,"W",0,0,0,0,NA,1685,60124.51546,-223813775.6
52,"N",2,"W",2,5,3,1.41338822611233,2.12255907087313,1686,60165.08612,-228874024.9
52,"N",3,"W",2,1,-1,1.41338822611233,-0.707519690291042,1687,57004.40252,-203283341.6
51,"N",5,"W",6,0,-6,2.44519866256641,-2.45378835341852,1681,56396.38346,-198313251.6
51,"N",4,"W",1,2,1,0.999708242152798,1.00029184299469,1680,56432.2759,-198647629.9
51,"N",3,"W",1,2,1,0.999708242152798,1.00029184299469,1679,54978.06051,-179401924.7
51,"N",2,"W",0,1,1,0,Inf,1678,53240.94659,-175543954.1
51,"N",1,"W",1,1,1.11022302462516e-16,0.999708242152798,1.11054703543743e-16,1677,47065.34756,-118033476.6
51,"N",7,"W",0,0,0,0,NA,1683,32469.65134,-48203966.34
51,"N",6,"W",0,0,0,0,NA,1682,41765.03559,-96888947.44
50,"N",7,"W",2,0,-2,1.41338822611233,-1.41503938058208,1674,56233.02034,-196934952.8
50,"N",6,"W",2,2,2.22044604925031e-16,1.41338822611233,1.57100930107355e-16,1673,55721.07415,-194038006.5
50,"N",5,"W",3,0,-3,1.73053434662654,-1.73356859738041,1672,56096.62946,-195987243.2
50,"N",4,"W",0,0,0,0,NA,1671,56048.79006,-196591880.1
50,"N",3,"W",2,0,-2,1.41338822611233,-1.41503938058208,1670,55569.65795,-190907643.3
50,"N",2,"W",0,2,2,0,Inf,1669,51707.67132,-75863294.59
50,"N",8,"W",2,6,4,1.41338822611233,2.83007876116417,1675,51650.8737,-126313949
50,"N",9,"W",0,0,0,0,NA,1676,28526.96806,-28473828.51
49,"N",10,"W",5,49,44,2.23280411942157,19.7061621381273,1663,56529.9616,-188268216.2
49,"N",9,"W",6,1,-5,2.44519866256641,-2.04482362784877,1662,56086.31604,-195470950.4
49,"N",14,"W",4,109,105,1.99766491455695,52.5613676422242,1667,51584.99464,-165280556.2
49,"N",8,"W",4,0,-4,1.99766491455695,-2.00233781494187,1661,55295.22226,-190845506.6
49,"N",7,"W",4,0,-4,1.99766491455695,-2.00233781494187,1660,55685.57447,-194381435.3
49,"N",6,"W",5,0,-5,2.23280411942157,-2.23933660660537,1659,55667.40612,-193157698.4
49,"N",5,"W",2,0,-2,1.41338822611233,-1.41503938058208,1658,56120.38532,-197223802.2
49,"N",4,"W",0,2,2,0,Inf,1657,55896.17631,-195646032
49,"N",3,"W",0,2,2,0,Inf,1656,55981.566,-195560724.3
49,"N",13,"W",1,63,62,0.999708242152798,62.0180942656705,1666,51155.43186,-118770516.2
49,"N",12,"W",0,6,6,0,Inf,1665,47094.56304,-133093670.8
49,"N",11,"W",1,5,4,0.999708242152798,4.00116737197874,1664,46928.14531,-132613600.2
49,"N",15,"W",0,0,0,0,NA,1668,19167.30779,-18076677.2
48,"N",15,"W",2,0,-2,1.41338822611233,-1.41503938058208,1655,59645.83277,-165367283.7
48,"N",14,"W",7,17,10,2.64034314095416,3.7873865123403,1654,56342.06641,-197951445.5
48,"N",13,"W",1,8,7,0.999708242152798,7.0020429009628,1653,56033.34574,-196608512.8
48,"N",12,"W",3,105,102,1.73053434662654,58.9413323109341,1652,56511.47939,-200310871.4
48,"N",11,"W",5,0,-5,2.23280411942157,-2.23933660660537,1651,56110.85203,-196688173.8
48,"N",10,"W",0,3,3,0,Inf,1650,56194.03169,-197530488.7
48,"N",9,"W",4,9,5,1.99766491455695,2.50292226867734,1649,55845.7629,-194722012.1
48,"N",8,"W",4,0,-4,1.99766491455695,-2.00233781494187,1648,55253.62776,-191106244
48,"N",7,"W",2,0,-2,1.41338822611233,-1.41503938058208,1647,55681.9181,-192483814.3
48,"N",6,"W",2,0,-2,1.41338822611233,-1.41503938058208,1646,56055.14112,-196841542.1
48,"N",5,"W",5,1,-4,2.23280411942157,-1.7914692852843,1645,56509.06586,-200242065.1
48,"N",4,"W",1,1,1.11022302462516e-16,0.999708242152798,1.11054703543743e-16,1644,56000.95776,-194110710.4
48,"N",3,"W",7,0,-7,2.64034314095416,-2.65117055863821,1643,56040.14218,-196617063.6
48,"N",2,"W",0,0,0,0,NA,1642,51451.8834,-86774981.76
47,"N",15,"W",2,14,12,1.41338822611233,8.49023628349251,1640,54625.41286,-184591071.2
47,"N",14,"W",2,55,53,1.41338822611233,37.4985435854253,1639,56052.94555,-196669532.4
47,"N",13,"W",2,1,-1,1.41338822611233,-0.707519690291042,1638,55856.37323,-194630124.1
47,"N",12,"W",1,1,1.11022302462516e-16,0.999708242152798,1.11054703543743e-16,1637,56088.38176,-196728761.1
47,"N",11,"W",4,3,-1,1.99766491455695,-0.500584453735468,1636,56113.51623,-196432674.9
48,"N",1,"W",0,0,0,0,NA,1641,14572.13508,-11446991.62
47,"N",10,"W",3,85,82,1.73053434662654,47.384208328398,1635,56124.16359,-196656797.2
47,"N",9,"W",5,2,-3,2.23280411942157,-1.34360196396322,1634,56052.09524,-196950517.9
47,"N",8,"W",2,16,14,1.41338822611233,9.9052756640746,1633,55889.28818,-194098935.4
47,"N",7,"W",3,0,-3,1.73053434662654,-1.73356859738041,1632,55692.0074,-195452882.4
47,"N",6,"W",2,0,-2,1.41338822611233,-1.41503938058208,1631,55472.68706,-192517017.1
47,"N",5,"W",2,0,-2,1.41338822611233,-1.41503938058208,1630,55647.88598,-193132883.5
47,"N",4,"W",4,1,-3,1.99766491455695,-1.50175336120641,1629,55748.89701,-194523889.9
47,"N",3,"W",5,0,-5,2.23280411942157,-2.23933660660537,1628,55746.32748,-195480328.4
47,"N",2,"W",3,1,-2,1.73053434662654,-1.15571239825361,1627,55826.48776,-194163734.6
47,"N",1,"W",2,0,-2,1.41338822611233,-1.41503938058208,1625,55020.79674,-175268666
47,"N",1,"E",7,0,-7,2.64034314095416,-2.65117055863821,1624,60924.96281,-94360547.65
46,"N",15,"W",2,23,21,1.41338822611233,14.8579134961119,1623,56065.77092,-194109187.3
47,"N",2,"E",1,0,-1,0.999708242152798,-1.00029184299469,1626,30686.24827,-13508824.63
46,"N",14,"W",3,4,1,1.73053434662654,0.577856199126805,1622,55574.92202,-192294731.7
46,"N",13,"W",3,12,9,1.73053434662654,5.20070579214124,1621,55476.58242,-192211460.2
46,"N",12,"W",1,1,1.11022302462516e-16,0.999708242152798,1.11054703543743e-16,1620,55882.36243,-195072090.1
46,"N",11,"W",5,3,-2,2.23280411942157,-0.895734642642148,1619,55243.71386,-191310777.2
46,"N",10,"W",6,57,51,2.44519866256641,20.8572010040574,1618,55163.02167,-189019554.7
46,"N",9,"W",1,11,10,0.999708242152798,10.0029184299469,1617,55497.58041,-193253555.1
46,"N",8,"W",6,5,-1,2.44519866256641,-0.408964725569753,1616,55893.72079,-195307262.3
46,"N",7,"W",4,2,-2,1.99766491455695,-1.00116890747094,1615,56194.27049,-197749977.5
46,"N",6,"W",3,0,-3,1.73053434662654,-1.73356859738041,1614,56513.55155,-199164487.2
46,"N",5,"W",8,12,4,2.82181864112619,1.41752554246491,1613,56683.8501,-200719773.1
46,"N",4,"W",1,0,-1,0.999708242152798,-1.00029184299469,1612,56341.94811,-198475689.3
46,"N",3,"W",4,0,-4,1.99766491455695,-2.00233781494187,1611,55984.99699,-195526278.8
46,"N",2,"W",4,0,-4,1.99766491455695,-2.00233781494187,1609,55957.30351,-196131545.9
46,"N",1,"W",7,0,-7,2.64034314095416,-2.65117055863821,1607,55633.74821,-193150127.5
46,"N",1,"E",5,0,-5,2.23280411942157,-2.23933660660537,1606,55954.63849,-195401002
46,"N",2,"E",4,0,-4,1.99766491455695,-2.00233781494187,1608,56059.99874,-171349286.6
46,"N",3,"E",0,0,0,0,NA,1610,12956.85046,-7084575.112
45,"N",15,"W",4,1,-3,1.99766491455695,-1.50175336120641,1605,56258.34568,-196266118.5
45,"N",14,"W",3,0,-3,1.73053434662654,-1.73356859738041,1604,55862.36828,-194577981.2
45,"N",13,"W",1,14,13,0.999708242152798,13.0037939589309,1603,55836.31352,-195034152.1
45,"N",12,"W",4,8,4,1.99766491455695,2.00233781494187,1602,55536.73851,-193071541.5
45,"N",11,"W",6,32,26,2.44519866256641,10.6330828648136,1601,55738.48747,-193140537.5
45,"N",10,"W",4,0,-4,1.99766491455695,-2.00233781494187,1600,55422.4174,-192795301.1
45,"N",9,"W",3,10,7,1.73053434662654,4.04499339388763,1599,55537.05062,-193017972.3
45,"N",8,"W",5,540,535,2.23280411942157,239.609016906775,1598,55750.6163,-193412914.3
45,"N",7,"W",6,84,78,2.44519866256641,31.8992485944407,1597,55747.3637,-194318331.2
45,"N",6,"W",5,6,1,2.23280411942157,0.447867321321074,1596,55905.63439,-195230373.3
45,"N",5,"W",2,0,-2,1.41338822611233,-1.41503938058208,1595,55833.15485,-195317155.9
45,"N",4,"W",1,0,-1,0.999708242152798,-1.00029184299469,1594,56109.29373,-196235816.5
45,"N",3,"W",5,0,-5,2.23280411942157,-2.23933660660537,1593,55609.58575,-192053488.7
45,"N",2,"W",4,0,-4,1.99766491455695,-2.00233781494187,1591,55831.89314,-194914113
45,"N",1,"W",2,0,-2,1.41338822611233,-1.41503938058208,1589,55640.3518,-193360140.1
45,"N",1,"E",3,0,-3,1.73053434662654,-1.73356859738041,1588,55722.95308,-196287616.9
45,"N",2,"E",6,0,-6,2.44519866256641,-2.45378835341852,1590,55677.84432,-191731241.6
45,"N",3,"E",1,0,-1,0.999708242152798,-1.00029184299469,1592,53118.39857,-71167879.07
44,"N",15,"W",2,0,-2,1.41338822611233,-1.41503938058208,1587,56105.82004,-194291100.9
44,"N",14,"W",3,1,-2,1.73053434662654,-1.15571239825361,1586,55810.82709,-195317368.9
44,"N",13,"W",2,0,-2,1.41338822611233,-1.41503938058208,1585,56063.98223,-195694739.7
44,"N",12,"W",4,5,1,1.99766491455695,0.500584453735469,1584,55554.14357,-193203912.2
44,"N",11,"W",1,0,-1,0.999708242152798,-1.00029184299469,1583,55982.93547,-196104304.6
44,"N",10,"W",6,0,-6,2.44519866256641,-2.45378835341852,1582,55535.93683,-192309055.6
44,"N",9,"W",2,4,2,1.41338822611233,1.41503938058209,1581,55576.42754,-192685340.4
44,"N",8,"W",2,45,43,1.41338822611233,30.4233466825148,1580,55738.43067,-194573920.7
44,"N",7,"W",2,52,50,1.41338822611233,35.3759845145521,1579,55816.31552,-194535033.2
44,"N",6,"W",4,0,-4,1.99766491455695,-2.00233781494187,1577,55960.90642,-195563479.8
44,"N",5,"W",1,0,-1,0.999708242152798,-1.00029184299469,1575,55378.9436,-191382784.7
44,"N",3,"W",1,0,-1,0.999708242152798,-1.00029184299469,1571,55276.06296,-191239691.2
44,"N",4,"W",1,0,-1,0.999708242152798,-1.00029184299469,1573,55569.91051,-193821624.7
44,"N",2,"W",4,2,-2,1.99766491455695,-1.00116890747094,1569,55241.30728,-190781179.9
44,"N",1,"W",2,0,-2,1.41338822611233,-1.41503938058208,1567,55712.96934,-194229210.8
44,"N",1,"E",3,0,-3,1.73053434662654,-1.73356859738041,1566,55520.52803,-193191902.8
44,"N",2,"E",1,0,-1,0.999708242152798,-1.00029184299469,1568,55705.41979,-192525661.4
44,"N",3,"E",1,0,-1,0.999708242152798,-1.00029184299469,1570,55007.41299,-192498643.2
44,"N",4,"E",1,0,-1,0.999708242152798,-1.00029184299469,1572,50127.14752,-151281794.1
44,"N",5,"E",4,0,-4,1.99766491455695,-2.00233781494187,1574,42706.76351,-100321342
44,"N",6,"E",1,0,-1,0.999708242152798,-1.00029184299469,1576,35428.43829,-47939634.12
43,"N",15,"W",1,3,2,0.999708242152798,2.00058368598937,1565,56051.16619,-194402916.5
43,"N",14,"W",0,2,2,0,Inf,1564,55697.21188,-195576282.9
43,"N",13,"W",4,0,-4,1.99766491455695,-2.00233781494187,1563,56006.12897,-195532378.5
43,"N",12,"W",3,1,-2,1.73053434662654,-1.15571239825361,1562,55729.47355,-193768883.7
43,"N",11,"W",6,4,-2,2.44519866256641,-0.817929451139506,1561,55618.06296,-192811592.2
43,"N",10,"W",4,0,-4,1.99766491455695,-2.00233781494187,1560,55465.12702,-191549405.9
43,"N",9,"W",5,0,-5,2.23280411942157,-2.23933660660537,1558,55726.78474,-193372863
44,"N",7,"E",0,0,0,0,NA,1578,11077.27051,-3834335.62
43,"N",8,"W",3,0,-3,1.73053434662654,-1.73356859738041,1556,55509.82203,-192311264.7
43,"N",7,"W",4,33,29,1.99766491455695,14.5169491583286,1554,55618.97392,-192610734.7
43,"N",6,"W",2,0,-2,1.41338822611233,-1.41503938058208,1552,55686.72103,-194267470.1
43,"N",5,"W",6,0,-6,2.44519866256641,-2.45378835341852,1550,56039.6107,-196028318.9
43,"N",4,"W",2,0,-2,1.41338822611233,-1.41503938058208,1548,56101.01894,-195755835
43,"N",3,"W",2,0,-2,1.41338822611233,-1.41503938058208,1546,55458.37835,-193621051.6
43,"N",2,"W",0,0,0,0,NA,1544,55044.07104,-189167180.2
43,"N",7,"E",3,0,-3,1.73053434662654,-1.73356859738041,1553,53627.74262,-183948667.1
43,"N",6,"E",2,0,-2,1.41338822611233,-1.41503938058208,1551,55824.80122,-195059579.5
43,"N",5,"E",0,0,0,0,NA,1549,55540.48599,-192621932.7
43,"N",4,"E",4,0,-4,1.99766491455695,-2.00233781494187,1547,55370.38653,-192705679.2
43,"N",1,"W",5,0,-5,2.23280411942157,-2.23933660660537,1542,55740.41966,-193826212
43,"N",1,"E",0,0,0,0,NA,1541,55294.46668,-190419387.7
43,"N",3,"E",3,0,-3,1.73053434662654,-1.73356859738041,1545,55372.96107,-190813867.7
43,"N",2,"E",3,0,-3,1.73053434662654,-1.73356859738041,1543,55572.27153,-192994180.7
43,"N",8,"E",3,0,-3,1.73053434662654,-1.73356859738041,1555,47650.59734,-134640960.3
43,"N",9,"E",0,0,0,0,NA,1557,40041.61366,-80853977.51
43,"N",10,"E",0,0,0,0,NA,1559,31235.9176,-25242114.72
42,"N",15,"W",2,0,-2,1.41338822611233,-1.41503938058208,1539,55840.56231,-194648628.2
34,"N",3,"W",2,0,-2,1.41338822611233,-1.41503938058208,1196,54923.5323,-188847199.8
42,"N",14,"W",4,3,-1,1.99766491455695,-0.500584453735468,1538,55824.39338,-194208022.4
42,"N",13,"W",6,0,-6,2.44519866256641,-2.45378835341852,1537,55889.79244,-195623808.4
42,"N",12,"W",7,0,-7,2.64034314095416,-2.65117055863821,1535,55899.72661,-194990142
42,"N",11,"W",5,0,-5,2.23280411942157,-2.23933660660537,1533,55533.23386,-192869819.6
42,"N",10,"W",0,0,0,0,NA,1531,55264.22327,-191851830.3
42,"N",9,"W",3,0,-3,1.73053434662654,-1.73356859738041,1529,55659.36807,-193982490.3
42,"N",8,"W",3,2,-1,1.73053434662654,-0.577856199126805,1527,55461.39223,-193046504.2
42,"N",7,"W",3,0,-3,1.73053434662654,-1.73356859738041,1525,56226.73417,-198584844.1
42,"N",6,"W",2,0,-2,1.41338822611233,-1.41503938058208,1523,55865.80826,-192721417.4
42,"N",5,"W",4,0,-4,1.99766491455695,-2.00233781494187,1521,55885.67197,-195350516.6
42,"N",10,"E",2,0,-2,1.41338822611233,-1.41503938058208,1530,55476.75935,-194011385.7
42,"N",4,"W",5,0,-5,2.23280411942157,-2.23933660660537,1519,55904.59586,-195273930.1
42,"N",11,"E",3,0,-3,1.73053434662654,-1.73356859738041,1532,51237.00068,-161831808.6
42,"N",9,"E",3,0,-3,1.73053434662654,-1.73356859738041,1528,55750.52021,-193956677.4
42,"N",3,"W",2,0,-2,1.41338822611233,-1.41503938058208,1517,55373.76204,-191149781.5
42,"N",2,"W",2,1,-1,1.41338822611233,-0.707519690291042,1515,55377.33529,-190947285
42,"N",8,"E",4,0,-4,1.99766491455695,-2.00233781494187,1526,55597.68082,-192949748.2
42,"N",1,"W",3,0,-3,1.73053434662654,-1.73356859738041,1513,55180.75716,-189212076.3
42,"N",7,"E",1,0,-1,0.999708242152798,-1.00029184299469,1524,55658.48666,-193083288.8
42,"N",6,"E",6,0,-6,2.44519866256641,-2.45378835341852,1522,55624.95872,-193230657.6
42,"N",5,"E",2,4,2,1.41338822611233,1.41503938058209,1520,55493.29611,-192323317.4
42,"N",4,"E",1,0,-1,0.999708242152798,-1.00029184299469,1518,55485.12385,-193285747.5
42,"N",2,"E",3,0,-3,1.73053434662654,-1.73356859738041,1514,55902.44034,-195995670.3
42,"N",3,"E",1,0,-1,0.999708242152798,-1.00029184299469,1516,55443.44667,-191101559.5
42,"N",1,"E",4,0,-4,1.99766491455695,-2.00233781494187,1512,55609.86983,-192596312.6
42,"N",12,"E",1,0,-1,0.999708242152798,-1.00029184299469,1534,39305.86319,-66386769.3
42,"N",16,"W",0,0,0,0,NA,1540,9269.987111,-5384229.382
41,"N",16,"W",3,0,-3,1.73053434662654,-1.73356859738041,1509,60136.16455,-145172267.5
41,"N",15,"W",2,0,-2,1.41338822611233,-1.41503938058208,1507,55558.4641,-192970228.5
41,"N",14,"W",4,0,-4,1.99766491455695,-2.00233781494187,1505,55672.22947,-194544620.4
41,"N",13,"W",1,0,-1,0.999708242152798,-1.00029184299469,1503,55929.89672,-195665362.5
41,"N",12,"W",2,2,2.22044604925031e-16,1.41338822611233,1.57100930107355e-16,1501,56011.42199,-195868363.1
41,"N",11,"W",1,0,-1,0.999708242152798,-1.00029184299469,1499,55849.5514,-194647230.3
41,"N",10,"W",2,0,-2,1.41338822611233,-1.41503938058208,1497,55379.15434,-191410773.9
41,"N",9,"W",2,0,-2,1.41338822611233,-1.41503938058208,1495,55932.88902,-194753094.5
41,"N",8,"W",0,0,0,0,NA,1493,55899.41735,-195112234.4
42,"N",13,"E",0,0,0,0,NA,1536,3654.863288,-517631.4961
41,"N",7,"W",2,0,-2,1.41338822611233,-1.41503938058208,1491,55987.40509,-196119846.8
41,"N",6,"W",3,0,-3,1.73053434662654,-1.73356859738041,1489,55534.23259,-195037774.1
41,"N",13,"E",0,0,0,0,NA,1502,51522.58886,-143514465.1
41,"N",12,"E",0,0,0,0,NA,1500,55377.97013,-191577675.9
41,"N",5,"W",7,0,-7,2.64034314095416,-2.65117055863821,1487,55956.70436,-194012921.8
41,"N",11,"E",5,0,-5,2.23280411942157,-2.23933660660537,1498,55385.11652,-191581917.5
41,"N",10,"E",4,0,-4,1.99766491455695,-2.00233781494187,1496,55525.59407,-191893281.2
41,"N",1,"W",2,0,-2,1.41338822611233,-1.41503938058208,1479,55662.85052,-195085900.2
41,"N",4,"W",1,0,-1,0.999708242152798,-1.00029184299469,1485,56040.78729,-195544431.7
41,"N",3,"W",3,0,-3,1.73053434662654,-1.73356859738041,1483,55411.17204,-193597658.8
41,"N",2,"W",4,0,-4,1.99766491455695,-2.00233781494187,1481,56002.3391,-195583305.2
41,"N",9,"E",3,0,-3,1.73053434662654,-1.73356859738041,1494,55545.99433,-192936742.8
41,"N",8,"E",6,0,-6,2.44519866256641,-2.45378835341852,1492,55470.56808,-192338378.7
41,"N",7,"E",4,0,-4,1.99766491455695,-2.00233781494187,1490,55549.77838,-193758637.7
41,"N",6,"E",8,0,-8,2.82181864112619,-2.83505108492983,1488,55687.35194,-193656003.2
41,"N",5,"E",2,0,-2,1.41338822611233,-1.41503938058208,1486,55638.2453,-193506024.1
41,"N",4,"E",2,0,-2,1.41338822611233,-1.41503938058208,1484,55598.05221,-192285339.1
41,"N",3,"E",2,0,-2,1.41338822611233,-1.41503938058208,1482,55365.30584,-191723626.4
41,"N",1,"E",4,0,-4,1.99766491455695,-2.00233781494187,1478,55519.88396,-192992345.1
41,"N",2,"E",3,0,-3,1.73053434662654,-1.73356859738041,1480,55217.45605,-190161484.7
41,"N",17,"W",0,0,0,0,NA,1511,23193.48896,-21393713.42
41,"N",14,"E",1,0,-1,0.999708242152798,-1.00029184299469,1504,51708.42433,-87657893.05
41,"N",16,"E",0,0,0,0,NA,1508,41271.34795,-48753120.79
41,"N",15,"E",3,0,-3,1.73053434662654,-1.73356859738041,1506,50451.37885,-40660459.8
40,"N",18,"W",1,0,-1,0.999708242152798,-1.00029184299469,1475,53410.3638,-125629616.8
40,"N",17,"W",2,0,-2,1.41338822611233,-1.41503938058208,1473,52970.5231,-175710913.1
40,"N",16,"W",2,0,-2,1.41338822611233,-1.41503938058208,1471,53007.84653,-175624222.7
40,"N",15,"W",4,0,-4,1.99766491455695,-2.00233781494187,1469,54724.3695,-186408603.6
40,"N",14,"W",4,0,-4,1.99766491455695,-2.00233781494187,1467,54189.44402,-183342333.6
41,"N",17,"E",0,0,0,0,NA,1510,12400.6785,2827096.606
40,"N",13,"W",3,0,-3,1.73053434662654,-1.73356859738041,1465,54024.64515,-182349835.8
40,"N",12,"W",8,0,-8,2.82181864112619,-2.83505108492983,1463,54562.65795,-185483722.7
41,"N",17,"E",0,0,0,0,NA,1510,12400.6785,2827096.606
40,"N",11,"W",5,0,-5,2.23280411942157,-2.23933660660537,1461,54650.69322,-184964666.6
40,"N",10,"W",2,0,-2,1.41338822611233,-1.41503938058208,1459,53294.79084,-178005525.7
40,"N",17,"E",5,0,-5,2.23280411942157,-2.23933660660537,1472,56845.92616,-173157036.7
40,"N",16,"E",2,0,-2,1.41338822611233,-1.41503938058208,1470,55724.93443,-193667091.5
40,"N",9,"W",1,0,-1,0.999708242152798,-1.00029184299469,1457,54014.27834,-183633207.7
40,"N",15,"E",2,0,-2,1.41338822611233,-1.41503938058208,1468,55281.58083,-190847259.3
40,"N",8,"W",2,0,-2,1.41338822611233,-1.41503938058208,1455,53905.25074,-181377155.7
40,"N",14,"E",10,0,-10,3.15303931831238,-3.17154307018041,1466,55411.69054,-192004986.1
40,"N",7,"W",3,0,-3,1.73053434662654,-1.73356859738041,1453,54210.13528,-183314975.7
40,"N",13,"E",3,0,-3,1.73053434662654,-1.73356859738041,1464,55621.54655,-193234795.7
40,"N",6,"W",3,0,-3,1.73053434662654,-1.73356859738041,1451,54055.86882,-182137798
40,"N",12,"E",1,0,-1,0.999708242152798,-1.00029184299469,1462,55156.65349,-190530092.4
40,"N",5,"W",2,0,-2,1.41338822611233,-1.41503938058208,1449,54566.27814,-186772067.4
40,"N",11,"E",5,0,-5,2.23280411942157,-2.23933660660537,1460,56039.44448,-198027542.6
40,"N",10,"E",2,0,-2,1.41338822611233,-1.41503938058208,1458,53903.59857,-179551624.8
40,"N",4,"W",5,0,-5,2.23280411942157,-2.23933660660537,1447,54220.71779,-182544969
40,"N",9,"E",8,0,-8,2.82181864112619,-2.83505108492983,1456,54111.83056,-186637079.2
40,"N",8,"E",1,0,-1,0.999708242152798,-1.00029184299469,1454,55196.65574,-184895658.5
40,"N",3,"W",2,0,-2,1.41338822611233,-1.41503938058208,1445,54151.75087,-180622576.7
40,"N",2,"W",6,0,-6,2.44519866256641,-2.45378835341852,1443,54773.73656,-186631443.3
40,"N",7,"E",1,0,-1,0.999708242152798,-1.00029184299469,1452,54455.70465,-185078554.2
40,"N",1,"W",2,0,-2,1.41338822611233,-1.41503938058208,1441,55951.27618,-197032309.6
40,"N",6,"E",2,0,-2,1.41338822611233,-1.41503938058208,1450,54176.91282,-183472768.1
40,"N",1,"E",3,0,-3,1.73053434662654,-1.73356859738041,1440,57966.17041,-208496554.6
40,"N",5,"E",3,0,-3,1.73053434662654,-1.73356859738041,1448,54581.45967,-185926968.6
40,"N",3,"E",4,0,-4,1.99766491455695,-2.00233781494187,1444,54642.09051,-185785829
40,"N",2,"E",3,0,-3,1.73053434662654,-1.73356859738041,1442,54817.13819,-188717916.7
40,"N",4,"E",5,0,-5,2.23280411942157,-2.23933660660537,1446,54305.00718,-185612530
40,"N",18,"E",4,0,-4,1.99766491455695,-2.00233781494187,1474,52176.67821,-133513093
40,"N",19,"W",0,0,0,0,NA,1477,18503.44756,-16016568.2
40,"N",19,"E",2,0,-2,1.41338822611233,-1.41503938058208,1476,34581.12852,-54177755.81
39,"N",19,"W",0,0,0,0,NA,1439,55090.05789,-154217562.8
39,"N",18,"W",1,3,2,0.999708242152798,2.00058368598937,1437,55143.3508,-190029193.6
39,"N",17,"W",2,0,-2,1.41338822611233,-1.41503938058208,1435,54750.83737,-187753619.1
39,"N",16,"W",2,0,-2,1.41338822611233,-1.41503938058208,1433,54807.45305,-187227759.1
39,"N",15,"W",5,0,-5,2.23280411942157,-2.23933660660537,1431,55697.49178,-193270226.6
39,"N",14,"W",2,0,-2,1.41338822611233,-1.41503938058208,1429,54466.85741,-185462752.1
39,"N",13,"W",4,0,-4,1.99766491455695,-2.00233781494187,1427,54599.04428,-187826725.2
39,"N",12,"W",6,0,-6,2.44519866256641,-2.45378835341852,1425,54638.62596,-185971368.3
39,"N",11,"W",6,0,-6,2.44519866256641,-2.45378835341852,1423,55169.65163,-190498820.7
39,"N",10,"W",2,0,-2,1.41338822611233,-1.41503938058208,1421,54695.32013,-186161890.8
39,"N",9,"W",4,0,-4,1.99766491455695,-2.00233781494187,1419,54937.63358,-189724346.5
39,"N",8,"W",4,0,-4,1.99766491455695,-2.00233781494187,1417,54930.23957,-187820679
39,"N",18,"E",4,0,-4,1.99766491455695,-2.00233781494187,1436,55705.09286,-194227604
39,"N",16,"E",1,0,-1,0.999708242152798,-1.00029184299469,1432,55504.45473,-192997290
39,"N",19,"E",4,0,-4,1.99766491455695,-2.00233781494187,1438,50296.02739,-110203693.5
39,"N",17,"E",2,0,-2,1.41338822611233,-1.41503938058208,1434,54783.49171,-187164013.9
39,"N",7,"W",6,0,-6,2.44519866256641,-2.45378835341852,1415,54864.52978,-187707084.9
39,"N",15,"E",4,0,-4,1.99766491455695,-2.00233781494187,1430,55352.59052,-191009162.2
39,"N",6,"W",4,0,-4,1.99766491455695,-2.00233781494187,1413,55114.23403,-189396542.8
39,"N",10,"E",9,0,-9,2.99211332066272,-3.0079074672234,1420,54663.6415,-187631054.6
39,"N",14,"E",6,0,-6,2.44519866256641,-2.45378835341852,1428,55329.0228,-191339176.7
39,"N",9,"E",2,0,-2,1.41338822611233,-1.41503938058208,1418,54332.76353,-181604074.7
39,"N",5,"W",3,0,-3,1.73053434662654,-1.73356859738041,1411,55254.64933,-190879136.1
39,"N",13,"E",7,0,-7,2.64034314095416,-2.65117055863821,1426,55283.25203,-190317676.8
39,"N",11,"E",5,0,-5,2.23280411942157,-2.23933660660537,1422,56312.80588,-191649538.7
39,"N",4,"W",6,0,-6,2.44519866256641,-2.45378835341852,1409,55043.18389,-190400778.7
39,"N",12,"E",5,0,-5,2.23280411942157,-2.23933660660537,1424,54690.44499,-187502383.8
39,"N",3,"W",3,0,-3,1.73053434662654,-1.73356859738041,1407,54810.67301,-186360303.1
39,"N",8,"E",2,0,-2,1.41338822611233,-1.41503938058208,1416,53357.05752,-177199713.5
39,"N",7,"E",3,0,-3,1.73053434662654,-1.73356859738041,1414,53423.82634,-178343429.1
39,"N",6,"E",3,0,-3,1.73053434662654,-1.73356859738041,1412,53079.84125,-175975073.8
39,"N",2,"W",3,0,-3,1.73053434662654,-1.73356859738041,1405,54792.89604,-187338201.4
39,"N",5,"E",5,0,-5,2.23280411942157,-2.23933660660537,1410,53354.9012,-178676903.2
39,"N",4,"E",1,0,-1,0.999708242152798,-1.00029184299469,1408,53004.68439,-173887805
39,"N",3,"E",4,0,-4,1.99766491455695,-2.00233781494187,1406,52882.88387,-174836047.2
39,"N",1,"W",2,0,-2,1.41338822611233,-1.41503938058208,1403,55803.35314,-194038989.5
39,"N",2,"E",2,0,-2,1.41338822611233,-1.41503938058208,1404,52825.0611,-173890228.9
39,"N",1,"E",3,1,-2,1.73053434662654,-1.15571239825361,1402,57476.66371,-203546590
38,"N",19,"W",2,4,2,1.41338822611233,1.41503938058209,1397,55316.25484,-191632451.4
38,"N",18,"W",3,0,-3,1.73053434662654,-1.73356859738041,1395,55074.92552,-189740193
38,"N",17,"W",2,0,-2,1.41338822611233,-1.41503938058208,1393,55348.70297,-190372865.5
38,"N",16,"W",1,1,1.11022302462516e-16,0.999708242152798,1.11054703543743e-16,1391,56217.87117,-197649663.9
38,"N",15,"W",4,0,-4,1.99766491455695,-2.00233781494187,1389,57566.82204,-207197904.2
38,"N",20,"W",0,0,0,0,NA,1399,36914.60702,-42394578.96
38,"N",14,"W",3,0,-3,1.73053434662654,-1.73356859738041,1387,56056.85477,-195887144.3
38,"N",13,"W",7,0,-7,2.64034314095416,-2.65117055863821,1385,56112.11544,-196716607.3
38,"N",12,"W",4,0,-4,1.99766491455695,-2.00233781494187,1383,55955.70628,-196776996.2
38,"N",11,"W",5,0,-5,2.23280411942157,-2.23933660660537,1381,55882.40912,-194504708.8
38,"N",10,"W",2,0,-2,1.41338822611233,-1.41503938058208,1379,55634.63858,-193107639.8
38,"N",9,"W",1,0,-1,0.999708242152798,-1.00029184299469,1377,55537.2983,-193798352.8
38,"N",8,"W",7,0,-7,2.64034314095416,-2.65117055863821,1375,55653.10142,-193152119.6
38,"N",9,"E",5,0,-5,2.23280411942157,-2.23933660660537,1376,55470.30934,-194123084.9
38,"N",17,"E",2,0,-2,1.41338822611233,-1.41503938058208,1392,54893.35833,-188454038.7
38,"N",16,"E",9,0,-9,2.99211332066272,-3.0079074672234,1390,55900.52577,-195216461.9
38,"N",7,"W",2,0,-2,1.41338822611233,-1.41503938058208,1373,55115.58327,-189661291.6
38,"N",19,"E",0,0,0,0,NA,1396,53628.32647,-172234141.3
38,"N",18,"E",1,0,-1,0.999708242152798,-1.00029184299469,1394,55659.11479,-193547823.7
38,"N",10,"E",4,0,-4,1.99766491455695,-2.00233781494187,1378,55425.4976,-192187431.3
38,"N",8,"E",4,0,-4,1.99766491455695,-2.00233781494187,1374,54789.41343,-187140505.1
38,"N",15,"E",3,0,-3,1.73053434662654,-1.73356859738041,1388,55368.66702,-191969435.8
38,"N",7,"E",6,0,-6,2.44519866256641,-2.45378835341852,1372,54931.24718,-188506739.8
38,"N",6,"E",5,0,-5,2.23280411942157,-2.23933660660537,1370,54740.03651,-186827256.2
38,"N",6,"W",3,0,-3,1.73053434662654,-1.73356859738041,1371,55301.11828,-191452957.8
38,"N",4,"E",3,0,-3,1.73053434662654,-1.73356859738041,1366,55096.68856,-189181623.1
38,"N",5,"E",2,0,-2,1.41338822611233,-1.41503938058208,1368,55085.86691,-190596170.3
38,"N",3,"E",4,0,-4,1.99766491455695,-2.00233781494187,1364,55398.12073,-189937374.6
38,"N",2,"E",0,0,0,0,NA,1362,55091.63701,-190580040.5
38,"N",14,"E",1,0,-1,0.999708242152798,-1.00029184299469,1386,55327.28892,-191132697.4
38,"N",5,"W",6,0,-6,2.44519866256641,-2.45378835341852,1369,55389.75047,-190900704
38,"N",11,"E",6,0,-6,2.44519866256641,-2.45378835341852,1380,56252.31593,-198207434.8
38,"N",1,"E",3,0,-3,1.73053434662654,-1.73356859738041,1360,59086.0026,-219760636.5
38,"N",13,"E",5,0,-5,2.23280411942157,-2.23933660660537,1384,55255.04547,-190556296.2
38,"N",4,"W",6,0,-6,2.44519866256641,-2.45378835341852,1367,55128.81662,-191338790.1
38,"N",3,"W",2,0,-2,1.41338822611233,-1.41503938058208,1365,55151.06519,-191008884.8
38,"N",12,"E",4,0,-4,1.99766491455695,-2.00233781494187,1382,54932.03935,-188601117.8
38,"N",2,"W",7,0,-7,2.64034314095416,-2.65117055863821,1363,54844.70084,-188077540.4
38,"N",1,"W",2,0,-2,1.41338822611233,-1.41503938058208,1361,55438.79197,-192016230.1
37,"N",20,"W",3,0,-3,1.73053434662654,-1.73356859738041,1357,54847.57499,-167659530.9
37,"N",19,"W",4,0,-4,1.99766491455695,-2.00233781494187,1355,55118.23387,-190233656.4
37,"N",18,"W",3,0,-3,1.73053434662654,-1.73356859738041,1353,54871.19431,-188281869.9
37,"N",17,"W",1,4,3,0.999708242152798,3.00087552898406,1351,54706.05664,-187011820.9
37,"N",16,"W",2,0,-2,1.41338822611233,-1.41503938058208,1349,54799.8745,-187792116.1
37,"N",15,"W",1,0,-1,0.999708242152798,-1.00029184299469,1347,56142.90752,-196382059.2
37,"N",14,"W",1,0,-1,0.999708242152798,-1.00029184299469,1345,54795.58884,-187323774
37,"N",13,"W",3,0,-3,1.73053434662654,-1.73356859738041,1343,54675.07782,-186178610.4
37,"N",12,"W",1,0,-1,0.999708242152798,-1.00029184299469,1341,54732.26559,-187318142.3
37,"N",11,"W",1,1,1.11022302462516e-16,0.999708242152798,1.11054703543743e-16,1339,54784.54765,-187311031.9
37,"N",10,"W",4,0,-4,1.99766491455695,-2.00233781494187,1337,54496.43644,-185410640.6
37,"N",8,"E",4,0,-4,1.99766491455695,-2.00233781494187,1332,54747.42517,-186958764
37,"N",9,"W",4,0,-4,1.99766491455695,-2.00233781494187,1335,54291.59849,-183975240.5
37,"N",9,"E",5,0,-5,2.23280411942157,-2.23933660660537,1334,55738.65821,-192276252
37,"N",10,"E",3,0,-3,1.73053434662654,-1.73356859738041,1336,55541.79844,-195645774.6
37,"N",7,"E",3,0,-3,1.73053434662654,-1.73356859738041,1330,55546.33065,-192835471.5
37,"N",16,"E",5,0,-5,2.23280411942157,-2.23933660660537,1348,55711.62849,-194233587.9
37,"N",8,"W",1,0,-1,0.999708242152798,-1.00029184299469,1333,54766.17428,-187016444.7
37,"N",7,"W",1,0,-1,0.999708242152798,-1.00029184299469,1331,55005.83647,-188356950.5
37,"N",6,"E",6,0,-6,2.44519866256641,-2.45378835341852,1328,55254.07249,-190668234.4
37,"N",4,"E",3,0,-3,1.73053434662654,-1.73356859738041,1324,54959.92762,-189161203.7
37,"N",5,"E",5,0,-5,2.23280411942157,-2.23933660660537,1326,55626.48232,-193214115.1
37,"N",15,"E",3,0,-3,1.73053434662654,-1.73356859738041,1346,55144.827,-189682556.4
37,"N",6,"W",4,0,-4,1.99766491455695,-2.00233781494187,1329,55331.68682,-191857895.1
37,"N",14,"E",1,0,-1,0.999708242152798,-1.00029184299469,1344,55224.0481,-190590572.3
37,"N",5,"W",0,0,0,0,NA,1327,55298.47297,-191708449.8
37,"N",3,"E",7,0,-7,2.64034314095416,-2.65117055863821,1322,54872.2172,-188373108
37,"N",2,"E",2,0,-2,1.41338822611233,-1.41503938058208,1320,54765.59909,-188464364.4
37,"N",11,"E",2,0,-2,1.41338822611233,-1.41503938058208,1338,56927.82579,-202857523.2
37,"N",13,"E",3,0,-3,1.73053434662654,-1.73356859738041,1342,54911.64127,-188721576.1
37,"N",4,"W",2,0,-2,1.41338822611233,-1.41503938058208,1325,54893.95552,-187682268.3
37,"N",1,"E",1,0,-1,0.999708242152798,-1.00029184299469,1318,58820.79323,-213769553.1
37,"N",12,"E",3,0,-3,1.73053434662654,-1.73356859738041,1340,54936.00938,-187766144.9
37,"N",3,"W",3,0,-3,1.73053434662654,-1.73356859738041,1323,55268.8562,-191008849.5
37,"N",2,"W",4,0,-4,1.99766491455695,-2.00233781494187,1321,54946.08526,-188574787.6
37,"N",1,"W",2,0,-2,1.41338822611233,-1.41503938058208,1319,55253.1735,-189792078.4
36,"N",20,"W",6,0,-6,2.44519866256641,-2.45378835341852,1315,55119.0657,-184671102
36,"N",19,"W",3,0,-3,1.73053434662654,-1.73356859738041,1313,55305.74798,-190783524.7
36,"N",18,"W",1,0,-1,0.999708242152798,-1.00029184299469,1311,54975.89782,-189107747.9
36,"N",17,"W",0,0,0,0,NA,1309,54577.9937,-185703031.6
36,"N",16,"W",3,50,47,1.73053434662654,27.1592413589598,1307,54682.68827,-187301604.2
36,"N",15,"W",5,0,-5,2.23280411942157,-2.23933660660537,1305,56060.07762,-196413095.1
36,"N",14,"W",3,0,-3,1.73053434662654,-1.73356859738041,1303,55153.77157,-190326206.2
36,"N",13,"W",1,0,-1,0.999708242152798,-1.00029184299469,1301,54690.06261,-187452606.3
36,"N",12,"W",3,0,-3,1.73053434662654,-1.73356859738041,1299,54744.3602,-186149571.8
36,"N",11,"W",5,0,-5,2.23280411942157,-2.23933660660537,1297,54936.1367,-188888406
36,"N",10,"W",5,0,-5,2.23280411942157,-2.23933660660537,1295,54635.27322,-187055443.4
36,"N",9,"W",0,0,0,0,NA,1293,54133.48805,-181890713.7
36,"N",8,"W",5,0,-5,2.23280411942157,-2.23933660660537,1291,54509.38632,-185818370.7
36,"N",16,"E",4,0,-4,1.99766491455695,-2.00233781494187,1306,55645.32666,-193638155
36,"N",9,"E",5,0,-5,2.23280411942157,-2.23933660660537,1292,56768.79195,-202537082.8
36,"N",8,"E",2,0,-2,1.41338822611233,-1.41503938058208,1290,55026.98272,-188356740.3
36,"N",10,"E",5,0,-5,2.23280411942157,-2.23933660660537,1294,55539.91748,-188491017.5
36,"N",7,"W",1,0,-1,0.999708242152798,-1.00029184299469,1289,54985.63743,-189141727.6
36,"N",7,"E",5,0,-5,2.23280411942157,-2.23933660660537,1288,56014.19234,-196434826
36,"N",15,"E",5,0,-5,2.23280411942157,-2.23933660660537,1304,55071.80181,-189687506.5
36,"N",6,"E",8,0,-8,2.82181864112619,-2.83505108492983,1286,55947.16486,-195271651.8
36,"N",5,"E",2,0,-2,1.41338822611233,-1.41503938058208,1284,56189.4658,-197274346.5
36,"N",4,"E",2,0,-2,1.41338822611233,-1.41503938058208,1282,55859.82858,-195177093.6
36,"N",6,"W",6,0,-6,2.44519866256641,-2.45378835341852,1287,55266.39643,-190926008.3
36,"N",3,"E",3,0,-3,1.73053434662654,-1.73356859738041,1280,55795.49619,-195077274.8
36,"N",14,"E",5,0,-5,2.23280411942157,-2.23933660660537,1302,55191.86973,-190601894.5
36,"N",5,"W",4,0,-4,1.99766491455695,-2.00233781494187,1285,55115.82852,-190260444.9
36,"N",13,"E",5,0,-5,2.23280411942157,-2.23933660660537,1300,55029.63342,-189088011.7
36,"N",1,"E",5,0,-5,2.23280411942157,-2.23933660660537,1276,59194.94286,-217721643.9
36,"N",2,"E",2,0,-2,1.41338822611233,-1.41503938058208,1278,55970.99835,-194620971
36,"N",4,"W",4,0,-4,1.99766491455695,-2.00233781494187,1283,54891.45429,-188536802.7
36,"N",12,"E",1,0,-1,0.999708242152798,-1.00029184299469,1298,54892.2223,-190140969.8
36,"N",11,"E",1,0,-1,0.999708242152798,-1.00029184299469,1296,56483.46604,-199394429
36,"N",3,"W",1,0,-1,0.999708242152798,-1.00029184299469,1281,54958.95768,-189289737.6
36,"N",2,"W",4,0,-4,1.99766491455695,-2.00233781494187,1279,54942.23071,-188607827
36,"N",1,"W",1,0,-1,0.999708242152798,-1.00029184299469,1277,55317.29707,-192205810.3
35,"N",19,"W",4,0,-4,1.99766491455695,-2.00233781494187,1272,50443.9136,-120561750.6
35,"N",18,"W",7,0,-7,2.64034314095416,-2.65117055863821,1270,54858.70716,-189551945.5
35,"N",17,"W",3,0,-3,1.73053434662654,-1.73356859738041,1268,54655.63443,-185501986.7
35,"N",16,"W",4,0,-4,1.99766491455695,-2.00233781494187,1266,54580.0385,-185232281.3
35,"N",15,"W",4,0,-4,1.99766491455695,-2.00233781494187,1264,55874.09134,-195328920.9
35,"N",14,"W",5,0,-5,2.23280411942157,-2.23933660660537,1262,54929.76906,-188627396.5
35,"N",13,"W",3,0,-3,1.73053434662654,-1.73356859738041,1260,54753.59455,-187594705.3
35,"N",12,"W",2,0,-2,1.41338822611233,-1.41503938058208,1258,55037.36092,-189524599.7
35,"N",11,"W",1,0,-1,0.999708242152798,-1.00029184299469,1256,54851.36464,-188283905.4
35,"N",10,"W",4,0,-4,1.99766491455695,-2.00233781494187,1254,54802.61089,-187396863.3
35,"N",9,"W",3,0,-3,1.73053434662654,-1.73356859738041,1252,54571.23048,-187132776.8
35,"N",8,"W",1,0,-1,0.999708242152798,-1.00029184299469,1250,54954.67627,-187818691
35,"N",16,"E",1,0,-1,0.999708242152798,-1.00029184299469,1265,55316.55006,-190069986.3
35,"N",7,"W",2,0,-2,1.41338822611233,-1.41503938058208,1248,55300.79863,-190550787.7
35,"N",15,"E",4,0,-4,1.99766491455695,-2.00233781494187,1263,54731.31576,-188315524.3
35,"N",6,"W",2,0,-2,1.41338822611233,-1.41503938058208,1246,55431.82383,-192444024.4
35,"N",14,"E",5,0,-5,2.23280411942157,-2.23933660660537,1261,54904.51456,-188246988.3
35,"N",9,"E",4,0,-4,1.99766491455695,-2.00233781494187,1251,55662.10127,-192939472.8
35,"N",10,"E",4,0,-4,1.99766491455695,-2.00233781494187,1253,55389.48289,-191243892.4
35,"N",5,"W",2,0,-2,1.41338822611233,-1.41503938058208,1244,55267.86172,-190428083.3
35,"N",13,"E",3,0,-3,1.73053434662654,-1.73356859738041,1259,54734.52275,-187088537
35,"N",8,"E",5,0,-5,2.23280411942157,-2.23933660660537,1249,55244.60831,-190638412.8
35,"N",7,"E",5,0,-5,2.23280411942157,-2.23933660660537,1247,55760.32967,-194087678.3
35,"N",11,"E",5,0,-5,2.23280411942157,-2.23933660660537,1255,55948.41097,-193371602.1
35,"N",4,"W",3,0,-3,1.73053434662654,-1.73356859738041,1242,55137.52933,-190194138.8
35,"N",6,"E",6,0,-6,2.44519866256641,-2.45378835341852,1245,55636.95142,-193185666.6
35,"N",5,"E",5,0,-5,2.23280411942157,-2.23933660660537,1243,55371.86704,-191190626
35,"N",12,"E",4,0,-4,1.99766491455695,-2.00233781494187,1257,54895.66082,-187653954.4
35,"N",3,"E",3,0,-3,1.73053434662654,-1.73356859738041,1239,55101.07815,-189133746.1
35,"N",4,"E",6,0,-6,2.44519866256641,-2.45378835341852,1241,55413.29592,-191956723.7
35,"N",3,"W",4,0,-4,1.99766491455695,-2.00233781494187,1240,55410.84912,-191212581.1
35,"N",2,"W",3,0,-3,1.73053434662654,-1.73356859738041,1238,55456.40625,-191530418.8
35,"N",2,"E",1,0,-1,0.999708242152798,-1.00029184299469,1237,55083.36177,-190055621
35,"N",1,"E",5,0,-5,2.23280411942157,-2.23933660660537,1235,58781.59587,-212412745.2
35,"N",1,"W",2,0,-2,1.41338822611233,-1.41503938058208,1236,55510.20862,-194211452.2
34,"N",19,"W",0,0,0,0,NA,1228,36485.52365,31234999.65
34,"N",18,"W",4,0,-4,1.99766491455695,-2.00233781494187,1226,54857.57526,-187631641
34,"N",17,"W",5,0,-5,2.23280411942157,-2.23933660660537,1224,54601.78196,-187147457
34,"N",16,"W",5,0,-5,2.23280411942157,-2.23933660660537,1222,54912.88449,-189373575.2
34,"N",15,"W",4,0,-4,1.99766491455695,-2.00233781494187,1220,56159.69138,-196768820.9
34,"N",14,"W",2,0,-2,1.41338822611233,-1.41503938058208,1218,54831.97264,-187634243.4
34,"N",13,"W",3,0,-3,1.73053434662654,-1.73356859738041,1216,54757.68726,-187603962.4
34,"N",12,"W",4,0,-4,1.99766491455695,-2.00233781494187,1214,54957.17619,-188812814.3
34,"N",11,"W",6,0,-6,2.44519866256641,-2.45378835341852,1212,54856.49839,-187264663.8
34,"N",10,"W",1,0,-1,0.999708242152798,-1.00029184299469,1210,54762.09289,-187400410.6
34,"N",9,"W",5,0,-5,2.23280411942157,-2.23933660660537,1208,54472.12804,-185659744.5
34,"N",16,"E",4,0,-4,1.99766491455695,-2.00233781494187,1221,55416.19167,-192384167.8
34,"N",8,"W",7,0,-7,2.64034314095416,-2.65117055863821,1206,54558.78717,-185364479.3
34,"N",15,"E",5,0,-5,2.23280411942157,-2.23933660660537,1219,54760.23535,-187387814.2
34,"N",14,"E",1,0,-1,0.999708242152798,-1.00029184299469,1217,54985.15112,-189034735.1
34,"N",7,"W",1,0,-1,0.999708242152798,-1.00029184299469,1204,55004.12255,-190394177.1
34,"N",9,"E",2,0,-2,1.41338822611233,-1.41503938058208,1207,55701.1184,-192320749
34,"N",10,"E",3,0,-3,1.73053434662654,-1.73356859738041,1209,56219.37131,-197072297.9
34,"N",11,"E",5,0,-5,2.23280411942157,-2.23933660660537,1211,56167.02289,-197963228.9
34,"N",13,"E",1,0,-1,0.999708242152798,-1.00029184299469,1215,55001.51927,-188046699.8
34,"N",6,"W",4,0,-4,1.99766491455695,-2.00233781494187,1202,55185.9728,-191174563.3
34,"N",5,"W",3,0,-3,1.73053434662654,-1.73356859738041,1200,55123.09631,-188780708.2
34,"N",12,"E",0,0,0,0,NA,1213,54886.31038,-188030031.4
34,"N",4,"W",3,0,-3,1.73053434662654,-1.73356859738041,1198,54714.87179,-187754850.5
34,"N",8,"E",9,0,-9,2.99211332066272,-3.0079074672234,1205,55004.48218,-188732562.3
34,"N",4,"E",3,0,-3,1.73053434662654,-1.73356859738041,1197,54790.98287,-189031248
34,"N",7,"E",1,0,-1,0.999708242152798,-1.00029184299469,1203,55002.37208,-189694760.9
34,"N",5,"E",1,0,-1,0.999708242152798,-1.00029184299469,1199,54739.95401,-187053657.8
34,"N",2,"E",5,0,-5,2.23280411942157,-2.23933660660537,1193,54861.64384,-187518598.3
34,"N",3,"E",3,0,-3,1.73053434662654,-1.73356859738041,1195,54914.51825,-186663524.2
34,"N",6,"E",5,0,-5,2.23280411942157,-2.23933660660537,1201,54852.78623,-187649176.5
34,"N",1,"E",1,0,-1,0.999708242152798,-1.00029184299469,1191,58636.60948,-213836298.4
34,"N",2,"W",4,0,-4,1.99766491455695,-2.00233781494187,1194,54877.34735,-188081513.7
34,"N",1,"W",5,0,-5,2.23280411942157,-2.23933660660537,1192,55003.55991,-189175998.5
34,"N",19,"W",0,0,0,0,NA,1228,36485.52365,31234999.65
33,"N",19,"W",3,0,-3,1.73053434662654,-1.73356859738041,1183,49830.77995,-103785026
33,"N",18,"W",2,2,2.22044604925031e-16,1.41338822611233,1.57100930107355e-16,1181,54704.81549,-186818954.6
33,"N",17,"W",4,57,53,1.99766491455695,26.5309760479798,1179,54353.89827,-183965322.5
33,"N",16,"W",4,0,-4,1.99766491455695,-2.00233781494187,1177,54440.88055,-185464234.9
33,"N",15,"W",2,0,-2,1.41338822611233,-1.41503938058208,1175,55836.24292,-194283716.5
33,"N",14,"W",5,0,-5,2.23280411942157,-2.23933660660537,1173,54605.45493,-186703605.1
33,"N",13,"W",4,0,-4,1.99766491455695,-2.00233781494187,1171,54424.77597,-185244638
33,"N",12,"W",4,0,-4,1.99766491455695,-2.00233781494187,1169,54501.77455,-185978978.6
33,"N",11,"W",2,0,-2,1.41338822611233,-1.41503938058208,1167,54646.35093,-187176226.9
33,"N",10,"W",3,2,-1,1.73053434662654,-0.577856199126805,1165,54853.78005,-188298870.3
33,"N",9,"W",3,0,-3,1.73053434662654,-1.73356859738041,1163,54641.3258,-187842608.1
33,"N",8,"W",2,0,-2,1.41338822611233,-1.41503938058208,1161,54398.42263,-185247433.3
33,"N",14,"E",4,0,-4,1.99766491455695,-2.00233781494187,1172,55232.88549,-190008899.5
33,"N",7,"W",2,0,-2,1.41338822611233,-1.41503938058208,1159,54795.41065,-186485029.2
33,"N",13,"E",2,0,-2,1.41338822611233,-1.41503938058208,1170,55127.20545,-189558983.3
33,"N",6,"W",4,0,-4,1.99766491455695,-2.00233781494187,1157,55195.60048,-189692009.4
33,"N",5,"W",3,0,-3,1.73053434662654,-1.73356859738041,1155,55161.12672,-190726482.4
33,"N",11,"E",2,0,-2,1.41338822611233,-1.41503938058208,1166,56216.2397,-195524400.6
33,"N",12,"E",4,0,-4,1.99766491455695,-2.00233781494187,1168,55160.34602,-189847204.7
33,"N",4,"W",6,0,-6,2.44519866256641,-2.45378835341852,1153,54824.82171,-187915836.7
33,"N",9,"E",4,0,-4,1.99766491455695,-2.00233781494187,1162,55261.97529,-190706090.9
33,"N",3,"E",6,0,-6,2.44519866256641,-2.45378835341852,1150,54961.41308,-188854559.3
33,"N",10,"E",5,9,4,2.23280411942157,1.7914692852843,1164,55178.01163,-192279403
33,"N",4,"E",7,0,-7,2.64034314095416,-2.65117055863821,1152,55377.15715,-192025206.3
33,"N",8,"E",1,0,-1,0.999708242152798,-1.00029184299469,1160,55116.18775,-190306000
33,"N",2,"E",1,0,-1,0.999708242152798,-1.00029184299469,1148,54906.6852,-187496948.6
33,"N",5,"E",1,0,-1,0.999708242152798,-1.00029184299469,1154,54953.47323,-188973217.9
33,"N",6,"E",2,0,-2,1.41338822611233,-1.41503938058208,1156,55137.28312,-189484048.9
33,"N",7,"E",3,0,-3,1.73053434662654,-1.73356859738041,1158,55050.26326,-189164100.6
33,"N",1,"E",3,0,-3,1.73053434662654,-1.73356859738041,1146,58733.98924,-215848277.8
33,"N",3,"W",2,0,-2,1.41338822611233,-1.41503938058208,1151,54836.43805,-188210434.2
33,"N",2,"W",3,0,-3,1.73053434662654,-1.73356859738041,1149,54830.74628,-187530634.2
33,"N",1,"W",4,0,-4,1.99766491455695,-2.00233781494187,1147,54934.22742,-188603432.3
32,"N",19,"W",5,3,-2,2.23280411942157,-0.895734642642148,1137,54321.10989,-184380285.2
32,"N",18,"W",2,0,-2,1.41338822611233,-1.41503938058208,1135,54235.98692,-183405558.3
32,"N",17,"W",1,0,-1,0.999708242152798,-1.00029184299469,1133,54568.39475,-186662591.5
32,"N",16,"W",0,0,0,0,NA,1131,54678.83892,-186378955
32,"N",15,"W",0,0,0,0,NA,1129,55743.9549,-194894991.6
32,"N",14,"W",2,0,-2,1.41338822611233,-1.41503938058208,1127,54548.6345,-185427383.3
32,"N",13,"W",8,0,-8,2.82181864112619,-2.83505108492983,1125,54484.80751,-184657631.6
32,"N",12,"W",6,0,-6,2.44519866256641,-2.45378835341852,1123,54364.11458,-184836887.8
32,"N",11,"W",1,0,-1,0.999708242152798,-1.00029184299469,1121,54371.77736,-184365407
32,"N",10,"W",3,0,-3,1.73053434662654,-1.73356859738041,1119,54535.33314,-185440139.5
32,"N",14,"E",3,0,-3,1.73053434662654,-1.73356859738041,1126,54930.48673,-188803541.5
32,"N",13,"E",5,0,-5,2.23280411942157,-2.23933660660537,1124,55041.8168,-189912392.6
32,"N",11,"E",1,0,-1,0.999708242152798,-1.00029184299469,1120,56260.50713,-197344837.4
32,"N",12,"E",5,0,-5,2.23280411942157,-2.23933660660537,1122,55031.56203,-189654542.8
32,"N",10,"E",5,0,-5,2.23280411942157,-2.23933660660537,1118,55489.57581,-194873005.8
32,"N",4,"W",5,0,-5,2.23280411942157,-2.23933660660537,1107,54710.95165,-186513009.7
32,"N",2,"E",5,0,-5,2.23280411942157,-2.23933660660537,1102,55175.31875,-189083865
32,"N",3,"E",4,0,-4,1.99766491455695,-2.00233781494187,1104,54846.67419,-186877492.7
32,"N",4,"E",2,0,-2,1.41338822611233,-1.41503938058208,1106,55544.44031,-192812508.8
32,"N",1,"E",3,0,-3,1.73053434662654,-1.73356859738041,1100,58876.6052,-213698900.3
32,"N",8,"E",2,0,-2,1.41338822611233,-1.41503938058208,1114,55121.10671,-189659243.6
32,"N",7,"E",6,0,-6,2.44519866256641,-2.45378835341852,1112,55095.97166,-190059532.2
32,"N",9,"E",3,0,-3,1.73053434662654,-1.73356859738041,1116,54830.88987,-187353178.3
32,"N",6,"E",2,0,-2,1.41338822611233,-1.41503938058208,1110,55350.87274,-191869224.3
32,"N",3,"W",5,0,-5,2.23280411942157,-2.23933660660537,1105,54604.57936,-186485948.4
32,"N",5,"E",5,0,-5,2.23280411942157,-2.23933660660537,1108,55049.02466,-189425535.8
32,"N",2,"W",2,0,-2,1.41338822611233,-1.41503938058208,1103,54570.98385,-186035295.8
32,"N",1,"W",2,0,-2,1.41338822611233,-1.41503938058208,1101,54852.83729,-188229115.2
31,"N",15,"E",0,0,0,0,NA,1082,55091.67825,-190564006
31,"N",14,"E",4,0,-4,1.99766491455695,-2.00233781494187,1080,55133.95056,-189714081.3
31,"N",13,"E",4,0,-4,1.99766491455695,-2.00233781494187,1078,54929.74343,-188553596.1
31,"N",12,"E",5,0,-5,2.23280411942157,-2.23933660660537,1076,54736.26612,-187142655.5
31,"N",4,"W",1,0,-1,0.999708242152798,-1.00029184299469,1061,54662.11862,-186726363.9
31,"N",2,"E",5,0,-5,2.23280411942157,-2.23933660660537,1056,54775.05128,-190234175.6
31,"N",11,"E",5,0,-5,2.23280411942157,-2.23933660660537,1074,55434.02702,-192442871.5
31,"N",3,"E",2,0,-2,1.41338822611233,-1.41503938058208,1058,55111.64627,-189325601.8
31,"N",3,"W",1,0,-1,0.999708242152798,-1.00029184299469,1059,54675.27253,-187257839.4
31,"N",4,"E",4,0,-4,1.99766491455695,-2.00233781494187,1060,55288.25972,-191666253.9
31,"N",10,"E",1,0,-1,0.999708242152798,-1.00029184299469,1072,54820.09493,-186342195.8
31,"N",8,"E",4,0,-4,1.99766491455695,-2.00233781494187,1068,54926.55836,-188484822.5
31,"N",1,"E",2,0,-2,1.41338822611233,-1.41503938058208,1054,58830.78938,-214663233.5
31,"N",9,"E",0,0,0,0,NA,1070,54398.78583,-184069782.3
31,"N",2,"W",5,0,-5,2.23280411942157,-2.23933660660537,1057,54621.81312,-186410517
31,"N",7,"E",5,0,-5,2.23280411942157,-2.23933660660537,1066,54947.74207,-188554852.3
31,"N",6,"E",4,0,-4,1.99766491455695,-2.00233781494187,1064,55014.49001,-188946851.1
31,"N",5,"E",3,0,-3,1.73053434662654,-1.73356859738041,1062,54901.62749,-188217698.8
31,"N",1,"W",3,0,-3,1.73053434662654,-1.73356859738041,1055,54681.83844,-186084412.8
30,"N",4,"W",2,0,-2,1.41338822611233,-1.41503938058208,1013,55101.38221,-190282407.6
30,"N",12,"E",4,0,-4,1.99766491455695,-2.00233781494187,1028,54877.76037,-187486916.6
30,"N",3,"W",4,0,-4,1.99766491455695,-2.00233781494187,1011,54646.55932,-186774765.2
30,"N",1,"E",1,0,-1,0.999708242152798,-1.00029184299469,1006,54134.43568,-182819142.7
30,"N",2,"E",3,0,-3,1.73053434662654,-1.73356859738041,1008,53487.52351,-178898943
30,"N",11,"E",5,0,-5,2.23280411942157,-2.23933660660537,1026,55091.01987,-189885243.3
30,"N",2,"W",8,0,-8,2.82181864112619,-2.83505108492983,1009,54671.15055,-186608978.3
30,"N",1,"W",4,0,-4,1.99766491455695,-2.00233781494187,1007,54920.90562,-188666272.3
