"catalogNumber","class","order","family","scientificName","taxonID","scientificNameAuthorship","genus","specificEpithet","infraspecificEpithet","taxonRank","identifiedBy","dateIdentified","recordedBy","recordNumber","eventDate","year","month","day","startDayOfYear","verbatimEventDate","occurrenceRemarks","habitat","informationWithheld","dynamicProperties","county","locality","decimalLatitude","decimalLongitude","geodeticDatum","coordinateUncertaintyInMeters","verbatimCoordinates","georeferenceProtocol","georeferenceSources","georeferenceRemarks","minimumElevationInMeters","verbatimElevation"
"SUWS017439","Equisetopsida","Polypodiales","Dryopteridaceae","Dryopteris carthusiana",3440,"(Vill.) H.P.Fuchs","Dryopteris","carthusiana","","","Crook, Trista","2006-08-16","Hlina, Paul","48","2006-08-16",2006,8,16,228,"","","Rock cliffs- growing in granite rocks.","","","Douglas","Amnicon Falls State Park - at base of falls",46.6131043,-91.89613188,NA,NA,"T48N R12W sec29","","","",NA,""
"SUWS017546","Equisetopsida","Ericales","Ericaceae","Vaccinium myrtilloides",5322,"Michx.","Vaccinium","myrtilloides","","","Hlina, Paul","2006-08-30","Hlina, Paul","235","2006-08-30",2006,8,30,242,"","","40-60 year old aspen forest in open sunny area.","","","Douglas","Amnicon Falls State Park",46.62762726,-91.90132847,NA,NA,"T48N R12W sec20","","","",NA,""
"SUWS017401","Equisetopsida","Equisetales","Equisetaceae","Equisetum sylvaticum",3537,"L.","Equisetum","sylvaticum","","","Hlina, Paul","2007-08-18","Anderson, Derek S.","108","2006-08-18",2006,8,18,230,"","","Boreal forest in shade.","","","Douglas","Amnicon Falls State Park; Now and Then Falls drainage",46.61311219,-91.89072903,NA,NA,"T48N R12W sec29","","","",NA,""
"SUWS017425","Equisetopsida","Polypodiales","Dryopteridaceae","Athyrium filix-femina var. angustum",6516,"(Willd.) G.Lawson","Athyrium","filix-femina","angustum","var.","Hlina, Paul","2006-08-03","Stauff, Janelle","53","2006-08-03",2006,8,3,215,"","","Boreal forest in soil adjacent to river.","","","Douglas","Amnicon Falls State Park; Snake Pit Falls",46.61311219,-91.89072903,NA,NA,"T48N R12W sec29","","","",NA,""
"SUWS017548","Equisetopsida","Ericales","Ericaceae","Chimaphila umbellata subsp. umbellata",12911,"(L.) W.P.C.Barton","Chimaphila","umbellata","umbellata","subsp.","Hlina, Paul","2006-08-11","Davidson, Donald W.","487","2006-08-11",2006,8,11,223,"","","Pine (xeric) forest.","","","Douglas","Amnicon Falls State Park - Upper Falls",46.60952499,-91.89074577,NA,NA,"T48N R12W sec29","","","",NA,""
"SUWS017447","Equisetopsida","Polypodiales","Dryopteridaceae","Onoclea sensibilis",4358,"L.","Onoclea","sensibilis","","","Hlina, Paul","2006-08-10","Hlina, Matt","411","2006-08-10",2006,8,10,222,"","","Growing at based of forest, in the black ash swamp area.","","","Douglas","Amnicon Falls State Park",46.62762102,-91.89607963,NA,NA,"T48N R12W sec20","","","",NA,""
"SUWS017444","Equisetopsida","Polypodiales","Dryopteridaceae","Gymnocarpium dryopteris",3784,"(L.) Newman","Gymnocarpium","dryopteris","","","Crook, Trista","2006-08-03","Hlina, Paul","89","2006-08-03",2006,8,3,215,"","Invasive native fern dominating in some area of the forest.","","","","Douglas","Amnicon Falls State Park; Snake Pit area",46.61308618,-91.90139071,NA,NA,"T48N R12W sec29","","","",NA,""
"SUWS017445","Equisetopsida","Polypodiales","Dennstaedtiaceae","Pteridium aquilinum var. latiusculum",6819,"(Desv.) Underw. ex A.Heller","Pteridium","aquilinum","latiusculum","var.","Crook, Trista","2007-07-15","Anderson, Derek S.","88","2006-07-15",2006,7,15,196,"","","Boreal forest.","","","Douglas","Amnicon Falls State Park; Plot 3",46.60592555,-91.89085675,NA,NA,"T48N R12W sec29","","","",NA,""
"SUWS017400","Equisetopsida","Equisetales","Equisetaceae","Equisetum arvense",3530,"L.","Equisetum","arvense","","","Hlina, Paul","2006-08-16","Bergman, Nils","379","2006-08-16",2006,8,16,228,"","","Ravine of falls.","","","Douglas","Amnicon Falls State Park; Now and Then Falls area",46.60952499,-91.89074577,NA,NA,"T48N R12W sec29","","","",NA,""
"SUWS017452","Equisetopsida","Polypodiales","Dryopteridaceae","Woodsia ilvensis",5437,"(L.) R.Br.","Woodsia","ilvensis","","","Hlina, Paul","2006-08-03","Bergman, Nils","169","2006-08-03",2006,8,3,215,"","","Top of exposed and very dry rock cliffs.","","","Douglas","Amnicon Falls State Park",46.6131043,-91.89613188,NA,NA,"T48N R12W sec29","","","",NA,""
"SUWS017551","Equisetopsida","Ericales","Ericaceae","Pyrola elliptica",4722,"Nutt.","Pyrola","elliptica","","","Hlina, Paul","2007-06-30","Anderson, Derek S.","105","2007-06-30",2007,6,30,181,"","","Pine (xeric) forest.","","","Douglas","Amnicon Falls State Park; Plot 2 .",46.60592555,-91.89085675,NA,NA,"T48N R12W sec29","","","",NA,""
"SUWS017507","Equisetopsida","Aquifoliales","Aquifoliaceae","Ilex verticillata",3923,"(L.) A.Gray","Ilex","verticillata","","","Hlina, Paul","2007-06-30","Senti, Peter","189","2007-06-30",2007,6,30,181,"","","Red pine plantation.","","","Douglas","Amnicon Falls State Park; Plot 2",46.60592555,-91.89085675,NA,NA,"T48N R12W sec29","","","",NA,""
"SUWS017424","Equisetopsida","Polypodiales","Dryopteridaceae","Athyrium filix-femina var. angustum",6516,"(Willd.) G.Lawson","Athyrium","filix-femina","angustum","var.","Hlina, Paul","2006-08-03","Anderson, Derek S.","180","2006-08-03",2006,8,3,215,"","","Moist ground in shade.","","","Douglas","Amnicon Falls State Park; Snake Pit area",46.60949853,-91.90143447,NA,NA,"T48N R12W sec29","","","",NA,""
"SUWS017443","Equisetopsida","Polypodiales","Dryopteridaceae","Dryopteris cristata",3441,"(L.) A.Gray","Dryopteris","cristata","","","Hlina, Paul","2006-09-23","Hlina, Paul","205","2006-09-23",2006,9,23,266,"","","40-60 year old aspen/birch forest.","","","Douglas","Amnicon Falls State Park",46.62762102,-91.89607963,NA,NA,"T48N R12W sec20","","","",NA,""
"SUWS017550","Equisetopsida","Ericales","Ericaceae","Pyrola asarifolia subsp. asarifolia",6821,"","Pyrola","asarifolia","asarifolia","subsp.","Hlina, Paul","2006-09-19","Davidson, Donald W.","196","2006-09-19",2006,9,19,262,"","","Boreal forest.","","","Douglas","Amnicon Falls State Park - Upper Falls",46.61311219,-91.89072903,NA,NA,"T48N R12W sec29","","","",NA,""
"SUWS017404","Equisetopsida","Osmundales","Osmundaceae","Osmunda claytoniana",4383,"L.","Osmunda","claytoniana","","","Crook, Trista","2006-07-15","Anderson, Derek S.","85","2006-07-15",2006,7,15,196,"","","Boreal forest in shade.","","","Douglas","Amnicon Falls State Park",46.61311219,-91.89072903,NA,NA,"T48N R12W sec29","","","",NA,""
"SUWS017541","Equisetopsida","Ericales","Ericaceae","Gaultheria procumbens",3680,"L.","Gaultheria","procumbens","","","Hlina, Paul","2006-08-06","Bergman, Nils","133","2006-08-06",2006,8,6,218,"","","Boreal forest.","","","Douglas","Amnicon Falls State Park; near Snake Pit Falls",46.61311219,-91.89072903,NA,NA,"T48N R12W sec29","","","",NA,""
"SUWS017442","Equisetopsida","Polypodiales","Dryopteridaceae","Dryopteris cristata",3441,"(L.) A.Gray","Dryopteris","cristata","","","Hlina, Paul","2006-08-14","Crook, Trista","300","2006-08-14",2006,8,14,226,"","","Black ash swamp.","","","Douglas","Amnicon Falls State Park; N end of park",46.62396608,-91.90132923,NA,NA,"T48N R12W sec20","","","",NA,""
"SUWS017438","Equisetopsida","Polypodiales","Dryopteridaceae","Dryopteris carthusiana",3440,"(Vill.) H.P.Fuchs","Dryopteris","carthusiana","","","Crook, Trista","2006-08-03","Hlina, Paul","49","2006-08-03",2006,8,3,215,"","","Rock cliffs- growing in granite rocks.","","","Douglas","Amnicon Falls State Park - at base of falls",46.6131043,-91.89613188,NA,NA,"T48N R12W sec29","","","",NA,""
"SUWS017554","Equisetopsida","Ericales","Primulaceae","Lysimachia ciliata",4158,"L.","Lysimachia","ciliata","","","Hlina, Paul","2006-07-20","Bergman, Nils","365","2006-07-20",2006,7,20,201,"","","Moist heavier soils in sun on river bank in a mixed hardwood/boreal forest.","","","Douglas","Amnicon Falls State Park",46.61308618,-91.90139071,NA,NA,"T48N R12W sec29","","","",NA,""
"SUWS017409","Equisetopsida","Polypodiales","Dryopteridaceae","Gymnocarpium dryopteris",3784,"(L.) Newman","Gymnocarpium","dryopteris","","","Hlina, Paul","2006-07-07","Davidson, Donald W.","461","2006-07-07",2006,7,7,188,"","Invasive native fern dominating.","","","","Douglas","Amnicon Falls State Park - nature trail",46.60950676,-91.89616177,NA,NA,"T48N R12W sec29","","","",NA,""
"SUWS017540","Equisetopsida","Ericales","Ericaceae","Gaultheria procumbens",3680,"L.","Gaultheria","procumbens","","","Hlina, Paul","2006-07-21","Bergman, Nils","450","2006-07-21",2006,7,21,202,"","","Drier portions of the boreal forest.","","","Douglas","Amnicon Falls State Park",46.60952499,-91.89074577,NA,NA,"T48N R12W sec29","","","",NA,""
"SUWS017400","Equisetopsida","Equisetales","Equisetaceae","Equisetum arvense",3530,"L.","Equisetum","arvense","","","Hlina, Paul","2006-08-16","Bergman, Nils","379","2006-08-16",2006,8,16,228,"","","Ravine of falls.","","","Douglas","Amnicon Falls State Park - Now and Then Falls Area",46.60952499,-91.89074577,14887,NA,"T48N R12W sec29","","","",NA,""
"SUWS017401","Equisetopsida","Equisetales","Equisetaceae","Equisetum sylvaticum",3537,"L.","Equisetum","sylvaticum","","","","2007-02-01","Anderson, Derek S.","536","2006-08-18",2006,8,18,230,"","","Boreal forest in shade.","","","Douglas","Amnicon Falls State Park - Now and Then Falls",46.61311219,-91.89072903,14888,NA,"T48N R12W sec29","","","",NA,""
"SUWS017403","Equisetopsida","Equisetales","Equisetaceae","Equisetum fluviatile",3531,"L.","Equisetum","fluviatile","","","Hlina, Paul","2006-09-02","Crook, Trista","536","2006-09-02",2006,9,2,245,"","","Dry river bed.","","","Douglas","Amnicon Falls State Park - Amnicon River",46.62396608,-91.90132923,14889,NA,"T48N R12W sec20","","","",NA,""
"SUWS017404","Equisetopsida","Osmundales","Osmundaceae","Osmunda claytoniana",4383,"L.","Osmunda","claytoniana","","","","2007-02-01","Anderson, Derek S.","536","2006-08-18",2006,8,18,230,"","","Boreal forest in shade.","","","Douglas","Amnicon Falls State Park",46.61311219,-91.89072903,14890,NA,"T48N R12W sec29","","","",NA,""
"SUWS017409","Equisetopsida","Polypodiales","Dryopteridaceae","Gymnocarpium dryopteris",3784,"(L.) Newman","Gymnocarpium","dryopteris","","","Hlina, Paul","2006-07-07","Davidson, Donald W.","461","2006-07-07",2006,7,7,188,"","","","","Invasive native fern dominating.","Douglas","Amnicon Falls State Park - nature trail",46.60950676,-91.89616177,14894,NA,"T48N R12W sec29","","","",NA,""
"SUWS017410","Equisetopsida","Polypodiales","Dennstaedtiaceae","Pteridium aquilinum var. latiusculum",6819,"(Desv.) Underw. ex A.Heller","Pteridium","aquilinum","latiusculum","var.","","","Anderson, Derek S.","86","2002-06-30",2002,6,30,181,"","","Xeric pine forest.","","","Douglas","Amnicon Falls State Park - Plot 2",46.60592555,-91.89085675,14895,NA,"T48N R12W sec29","","","",NA,""
"SUWS017416","Equisetopsida","Polypodiales","Thelypteridaceae","Phegopteris connectilis",4474,"(Michx.) Watt","Phegopteris","connectilis","","","Hlina, Paul","2006-08-03","Bergman, Nils","150","2006-08-03",2006,8,3,215,"","","Boreal forest growing in moist rock ravine.","","","Douglas","Amnicon Falls State Park",46.61308618,-91.90139071,14893,NA,"T48N R12W sec29","","","",NA,""
"SUWS017424","Equisetopsida","Polypodiales","Dryopteridaceae","Athyrium filix-femina var. angustum",6516,"(Willd.) G.Lawson","Athyrium","filix-femina","angustum","var.","Hlina, Paul","2006-08-03","Anderson, Derek S.","180","2006-08-03",2006,8,3,215,"","","Moist ground in shade.","","","Douglas","Amnicon Falls State Park - Snake Pit Falls",46.60949853,-91.90143447,14904,NA,"T48N R12W sec29","","","",NA,""
"SUWS017425","Equisetopsida","Polypodiales","Dryopteridaceae","Athyrium filix-femina var. angustum",6516,"(Willd.) G.Lawson","Athyrium","filix-femina","angustum","var.","Hlina, Paul","2006-08-03","Stauff, Janelle","53","2006-08-03",2006,8,3,215,"","","Boreal forest in soil adjacent to river.","","","Douglas","Amnicon Falls State Park - Snake Pit Falls",46.61311219,-91.89072903,14905,NA,"T48N R12W sec29","","","",NA,""
"SUWS017430","Equisetopsida","Polypodiales","Dryopteridaceae","Cystopteris laurentiana",3341,"(Weath.) Blasdell","Cystopteris","laurentiana","","","","","Hlina, Paul","66","2006-08-16",2006,8,16,228,"","","Deeply shaded ravine in granite.","","","Douglas","Amnicon Falls State Park - snowshoe trail",NA,NA,14909,NA,"T48N R12W sec29","","","",NA,""
"SUWS017431","Equisetopsida","Polypodiales","Dryopteridaceae","Cystopteris fragilis",3340,"(L.) Bernh.","Cystopteris","fragilis","","","","","Crook, Trista","58","2006-08-03",2006,8,3,215,"","","Growing from sandstone rocks.","","","Douglas","Amnicon Falls State Park - NW of the snake pit area",46.61308618,-91.90139071,14910,NA,"T48N R12W sec29","","","",NA,""
"SUWS017438","Equisetopsida","Polypodiales","Dryopteridaceae","Dryopteris carthusiana",3440,"(Vill.) H.P.Fuchs","Dryopteris","carthusiana","","","Crook, Trista","2006-08-03","Hlina, Paul","49","2006-08-03",2006,8,3,215,"","","Rock cliffs- growing in granite rocks.","","","Douglas","Amnicon Falls State Park - base of falls",46.6131043,-91.89613188,14915,NA,"T48N R12W sec29","","","",NA,""
"SUWS017439","Equisetopsida","Polypodiales","Dryopteridaceae","Dryopteris carthusiana",3440,"(Vill.) H.P.Fuchs","Dryopteris","carthusiana","","","Crook, Trista","2006-08-16","Hlina, Paul","48","2006-08-16",2006,8,16,228,"","","Rock cliffs- growing in granite rocks.","","","Douglas","Amnicon Falls State Park - base of falls",46.6131043,-91.89613188,14915,NA,"T48N R12W sec29","","","",NA,""
"SUWS017442","Equisetopsida","Polypodiales","Dryopteridaceae","Dryopteris cristata",3441,"(L.) A.Gray","Dryopteris","cristata","","","Hlina, Paul","2006-08-14","Crook, Trista","300","2006-08-14",2006,8,14,226,"","","Black ash swamp.","","","Douglas","Amnicon Falls State Park - N end",46.62396608,-91.90132923,14918,NA,"T48N R12W sec20","","","",NA,""
"SUWS017443","Equisetopsida","Polypodiales","Dryopteridaceae","Dryopteris cristata",3441,"(L.) A.Gray","Dryopteris","cristata","","","Hlina, Paul","2006-09-23","Hlina, Paul","205","2006-09-23",2006,9,23,266,"","","40-60 year old aspen/birch forest.","","","Douglas","Amnicon Falls State Park",46.62762102,-91.89607963,14919,NA,"T48N R12W sec20","","","",NA,""
"SUWS017444","Equisetopsida","Polypodiales","Dryopteridaceae","Gymnocarpium dryopteris",3784,"(L.) Newman","Gymnocarpium","dryopteris","","","","","Davidson, Donald W.","461","2006-07-07",2006,7,7,188,"","","","","Invasive native fern dominating in some area of the forest.","Douglas","Amnicon Falls State Park - Nature trail",46.61308618,-91.90139071,14920,NA,"T48N R12W sec29","","","",NA,""
"SUWS017445","Equisetopsida","Polypodiales","Dennstaedtiaceae","Pteridium aquilinum var. latiusculum",6819,"(Desv.) Underw. ex A.Heller","Pteridium","aquilinum","latiusculum","var.","Crook, Trista","2006-07-15","Anderson, Derek S.","88","2006-07-15",2006,7,15,196,"","","Boreal forest.","","","Douglas","Amnicon Falls State Park - Plot 3",46.60592555,-91.89085675,14921,NA,"T48N R12W sec29","","","",NA,""
"SUWS017447","Equisetopsida","Polypodiales","Dryopteridaceae","Onoclea sensibilis",4358,"L.","Onoclea","sensibilis","","","","","Hlina, Matt","411","2006-08-10",2006,8,10,222,"","","Growing at based of forest, in the black ash swamp area.","","","Douglas","Amnicon Falls State Park",46.62762102,-91.89607963,14919,NA,"T48N R12W sec20","","","",NA,""
"SUWS017450","Equisetopsida","Polypodiales","Dryopteridaceae","Onoclea sensibilis",4358,"L.","Onoclea","sensibilis","","","","","Stauff, Janelle","172","2006-06-30",2006,6,30,181,"","","Shore of island.","","","Douglas","Amnicon Falls State Park - Shore of island near pipeline",46.60949853,-91.90143447,14923,NA,"T48N R12W sec29","","","",NA,""
"SUWS017451","Equisetopsida","Polypodiales","Dryopteridaceae","Woodsia ilvensis",5437,"(L.) R.Br.","Woodsia","ilvensis","","","","","Hlina, Paul","45","2006-08-23",2006,8,23,235,"","","Dry, sunny habitat on top of granite outcropping.","","","Douglas","Amnicon Falls State Park",46.60591485,-91.89619146,14924,NA,"T48N R12W sec29","","","",NA,""
"SUWS017452","Equisetopsida","Polypodiales","Dryopteridaceae","Woodsia ilvensis",5437,"(L.) R.Br.","Woodsia","ilvensis","","","Hlina, Paul","2006-08-03","Bergman, Nils","169","2006-08-03",2006,8,3,215,"","","Top of exposed and very dry rock cliffs.","","","Douglas","Amnicon Falls State Park",46.6131043,-91.89613188,14914,NA,"T48N R12W sec29","","","",NA,""
"SUWS017507","Equisetopsida","Fagales","Betulaceae","Carpinus caroliniana subsp. virginiana",6568,"(Marshall) Furlow","Carpinus","caroliniana","virginiana","subsp.","","","Senti, Peter","189","2006-06-30",2006,6,30,181,"","","Red pine plantation.","","","Douglas","Amnicon Falls State Park - Plot 2",46.60592555,-91.89085675,14895,NA,"T48N R12W sec29","","","",NA,""
"SUWS017540","Equisetopsida","Ericales","Ericaceae","Gaultheria procumbens",3680,"L.","Gaultheria","procumbens","","","","","Anderson, Derek S.","450","2006-07-21",2006,7,21,202,"","","Drier portions of the boreal forest.","","","Douglas","Amnicon Falls State Park",46.60952499,-91.89074577,14930,NA,"T48N R12W sec29","","","",NA,""
"SUWS017541","Equisetopsida","Ericales","Ericaceae","Gaultheria procumbens",3680,"L.","Gaultheria","procumbens","","","","","Anderson, Derek S.","133","2006-08-02",2006,8,2,214,"","","Boreal forest.","","","Douglas","Amnicon Falls State Park - Snake Pit Falls",46.61311219,-91.89072903,14905,NA,"T48N R12W sec29","","","",NA,""
"SUWS017543","Equisetopsida","Ericales","Ericaceae","Vaccinium angustifolium",5317,"Aiton","Vaccinium","angustifolium","","","","","Anderson, Derek S.","452","2006-07-07",2006,7,7,188,"","","Dry ridge top overlooking river.","","","Douglas","Amnicon Falls State Park - Nature Trail. Ridge overlooking Amnicon River",46.60950676,-91.89616177,14960,NA,"T48N R12W sec29","","","",NA,""
"SUWS017546","Equisetopsida","Ericales","Ericaceae","Vaccinium myrtilloides",5322,"Michx.","Vaccinium","myrtilloides","","","","","Anderson, Derek S.","235","2006-08-30",2006,8,30,242,"","","40-60 year old aspen forest in open sunny area.","","","Douglas","Amnicon Falls State Park",46.62762726,-91.90132847,14962,NA,"T48N R12W sec20","","","",NA,""
"SUWS017548","Equisetopsida","Ericales","Ericaceae","Chimaphila umbellata subsp. umbellata",12911,"(L.) W.P.C.Barton","Chimaphila","umbellata","umbellata","subsp.","Hlina, Paul","2006-08-11","Davidson, Donald W.","487","2006-08-11",2006,8,11,223,"","","Pine (xeric) forest.","","","Douglas","Amnicon Falls State Park - Upper Falls",46.60952499,-91.89074577,14963,NA,"T48N R12W sec29","","","",NA,""
"SUWS017550","Equisetopsida","Ericales","Ericaceae","Pyrola asarifolia subsp. asarifolia",6821,"","Pyrola","asarifolia","asarifolia","subsp.","Hlina, Paul","2006-09-19","Davidson, Donald W.","196","2006-09-19",2006,9,19,262,"","","Boreal forest.","","","Douglas","Amnicon Falls State Park - upper falls",46.61311219,-91.89072903,14928,NA,"T48N R12W sec29","","","",NA,""
"SUWS017551","Equisetopsida","Ericales","Ericaceae","Pyrola elliptica",4722,"Nutt.","Pyrola","elliptica","","","","","Davidson, Donald W.","105","2006-06-30",2006,6,30,181,"","","Pine (xeric) forest.","","","Douglas","Amnicon Falls State Park - Plot 2",46.60592555,-91.89085675,14895,NA,"T48N R12W sec29","","","",NA,""
"SUWS017552","Equisetopsida","Ericales","Ericaceae","Pyrola elliptica",4722,"Nutt.","Pyrola","elliptica","","","Hlina, Paul","2006-06-30","Davidson, Donald W.","420","2006-07-09",2006,7,9,190,"","","Dry woods.","","","Douglas","Amnicon Falls State Park - nature trail",46.60950676,-91.89616177,14894,NA,"T48N R12W sec29","","","",NA,""
"SUWS017554","Equisetopsida","Ericales","Primulaceae","Lysimachia ciliata",4158,"L.","Lysimachia","ciliata","","","","","Anderson, Derek S.","365","2006-07-20",2006,7,20,201,"","","Moist heavier soils in sun on river bank in a mixed hardwood/boreal forest.","","","Douglas","Amnicon Falls State Park",46.61308618,-91.90139071,14893,NA,"T48N R12W sec29","","","",NA,""
"SUWS017543","Equisetopsida","Ericales","Ericaceae","Vaccinium angustifolium",5317,"Aiton","Vaccinium","angustifolium","","","Hlina, Paul","2006-07-07","Bergman, Nils","452","2006-07-07",2006,7,7,188,"","","Dry ridge top overlooking river.","","","Douglas","Amnicon Falls State Park; ridgetop overlooking Amnicon River",46.60950676,-91.89616177,NA,NA,"T48N R12W sec29","","","",NA,""
"SUWS017431","Equisetopsida","Polypodiales","Dryopteridaceae","Cystopteris fragilis",3340,"(L.) Bernh.","Cystopteris","fragilis","","","Hlina, Paul","2006-08-03","Crook, Trista","58","2006-08-03",2006,8,3,215,"","","Growing from sandstone rocks.","","","Douglas","Amnicon Falls State Park; NW of Snake Pit area",46.61308618,-91.90139071,NA,NA,"T48N R12W sec29","","","",NA,""
"SUWS017430","Equisetopsida","Polypodiales","Dryopteridaceae","Cystopteris fragilis",3340,"(L.) Bernh.","Cystopteris","fragilis","","","Hlina, Paul","2006-08-03","Crook, Trista","59","2006-08-03",2006,8,3,215,"","","Deeply shaded ravine in granite.","","","Douglas","Amnicon Falls State Park; Snake Pit area",46.61308618,-91.90139071,NA,NA,"T48N R12W sec29","","","",NA,""
"SUWS017450","Equisetopsida","Polypodiales","Dryopteridaceae","Onoclea sensibilis",4358,"L.","Onoclea","sensibilis","","","Hlina, Paul","2007-06-30","Stauff, Janelle","172","2007-06-30",2007,6,30,181,"","","Shore of island.","","","Douglas","Amnicon Falls State Park",46.60949853,-91.90143447,NA,NA,"T48N R12W sec29","","","",NA,""
"SUWS017410","Equisetopsida","Polypodiales","Dennstaedtiaceae","Pteridium aquilinum var. latiusculum",6819,"(Desv.) Underw. ex A.Heller","Pteridium","aquilinum","latiusculum","var.","Crook, Trista","2007-06-30","Anderson, Derek S.","86","2007-06-30",2007,6,30,181,"","","Xeric pine forest.","","","Douglas","Amnicon Falls State Park; Plot 2",46.60592555,-91.89085675,NA,NA,"T48N R12W sec29","","","",NA,""
"SUWS017403","Equisetopsida","Equisetales","Equisetaceae","Equisetum fluviatile",3531,"L.","Equisetum","fluviatile","","","Hlina, Paul","2006-09-02","Crook, Trista","536","2006-09-02",2006,9,2,245,"","","Dry river bed.","","","Douglas","Amnicon Falls State Park; bed of Amnicon River",46.62396608,-91.90132923,NA,NA,"T48N R12W sec20","","","",NA,""
"SUWS017451","Equisetopsida","Polypodiales","Dryopteridaceae","Woodsia ilvensis",5437,"(L.) R.Br.","Woodsia","ilvensis","","","Hlina, Paul","2006-08-23","Hlina, Paul","45","2006-08-23",2006,8,23,235,"","","Dry, sunny habitat on top of granite outcropping.","","","Douglas","Amnicon Falls State Park",46.60591485,-91.89619146,NA,NA,"T48N R12W sec29","","","",NA,""
"SUWS017416","Equisetopsida","Polypodiales","Thelypteridaceae","Phegopteris connectilis",4474,"(Michx.) Watt","Phegopteris","connectilis","","","Hlina, Paul","2006-08-03","Bergman, Nils","150","2006-08-03",2006,8,3,215,"","","Boreal forest growing in moist rock ravine.","","","Douglas","Amnicon Falls State Park",46.61308618,-91.90139071,NA,NA,"T48N R12W sec29","","","",NA,""
"SUWS017552","Equisetopsida","Ericales","Ericaceae","Pyrola elliptica",4722,"Nutt.","Pyrola","elliptica","","","Hlina, Paul","2006-08-09","Bergman, Nils","420","2006-08-09",2006,8,9,221,"","","Dry woods.","","","Douglas","Amnicon Falls State Park ""Nature Trail"" in place,",46.60950676,-91.89616177,NA,NA,"T48N R12W sec29","","","",NA,""
