"catalogNumber","t_num","t_dir","r_num","r_dir"
"SUWS010001",44,"N",7,"W"
"SUWS010007",49,"N",13,"W"
"SUWS010010",45,"N",4,"W"
"SUWS010011",49,"N",13,"W"
"SUWS010012",44,"N",4,"W"
"SUWS010014",45,"N",7,"W"
"SUWS010015",45,"N",4,"W"
"SUWS010023",45,"N",8,"W"
"SUWS010024",45,"N",7,"W"
"SUWS010025",44,"N",7,"W"
"SUWS010026",46,"N",8,"W"
"SUWS010027",45,"N",8,"W"
"SUWS010030",45,"N",7,"W"
"SUWS010031",45,"N",8,"W"
"SUWS010033",45,"N",8,"W"
"SUWS010037",45,"N",4,"W"
"SUWS010039",45,"N",7,"W"
"SUWS010040",45,"N",4,"W"
"SUWS010042",49,"N",13,"W"
"SUWS010048",46,"N",14,"W"
"SUWS010049",46,"N",14,"W"
"SUWS010050",45,"N",4,"W"
"SUWS010051",45,"N",8,"W"
"SUWS010052",47,"N",8,"W"
"SUWS010053",45,"N",7,"W"
"SUWS010054",45,"N",8,"W"
"SUWS010056",47,"N",8,"W"
"SUWS010070",45,"N",8,"W"
"SUWS010072",39,"N",1,"E"
"SUWS010073",45,"N",8,"W"
"SUWS010075",48,"N",8,"W"
"SUWS010076",43,"N",13,"W"
"SUWS010078",49,"N",14,"W"
"SUWS010090",45,"N",8,"W"
"SUWS010091",45,"N",8,"W"
"SUWS010095",45,"N",8,"W"
"SUWS010097",45,"N",8,"W"
"SUWS010098",45,"N",8,"W"
"SUWS010103",49,"N",13,"W"
"SUWS010119",42,"N",2,"W"
"SUWS010121",45,"N",8,"W"
"SUWS010126",46,"N",10,"W"
"SUWS010131",46,"N",10,"W"
"SUWS010136",47,"N",15,"W"
"SUWS010138",45,"N",8,"W"
"SUWS010148",52,"N",2,"W"
"SUWS010150",45,"N",8,"W"
"SUWS010152",45,"N",7,"W"
"SUWS010159",45,"N",8,"W"
"SUWS010160",42,"N",2,"W"
"SUWS010164",45,"N",8,"W"
"SUWS010169",47,"N",10,"W"
"SUWS010200",46,"N",13,"W"
"SUWS010216",13,"N",7,"W"
"SUWS010225",49,"N",13,"W"
"SUWS010318",18,"N",23,"E"
"SUWS010320",11,"N",2,"W"
"SUWS010326",45,"N",8,"W"
"SUWS010334",16,"N",7,"W"
"SUWS010351",14,"N",2,"E"
"SUWS010355",42,"N",2,"W"
"SUWS010364",49,"N",14,"W"
"SUWS010366",45,"N",8,"W"
"SUWS010367",42,"N",2,"W"
"SUWS010368",49,"N",14,"W"
"SUWS010369",17,"N",3,"W"
"SUWS010371",49,"N",14,"W"
"SUWS010372",49,"N",14,"W"
"SUWS010373",49,"N",14,"W"
"SUWS010374",49,"N",12,"W"
"SUWS010375",49,"N",14,"W"
"SUWS010376",49,"N",12,"W"
"SUWS010385",49,"N",14,"W"
"SUWS010389",49,"N",14,"W"
"SUWS010427",48,"N",8,"W"
"SUWS010429",48,"N",8,"W"
"SUWS010430",48,"N",8,"W"
"SUWS010438",49,"N",14,"W"
"SUWS010441",49,"N",14,"W"
"SUWS010444",49,"N",14,"W"
"SUWS010445",48,"N",8,"W"
"SUWS010447",49,"N",14,"W"
"SUWS010448",49,"N",14,"W"
"SUWS010449",49,"N",14,"W"
"SUWS010451",49,"N",14,"W"
"SUWS010489",49,"N",14,"W"
"SUWS010490",49,"N",12,"W"
"SUWS010491",49,"N",13,"W"
"SUWS010492",45,"N",14,"W"
"SUWS010495",49,"N",13,"W"
"SUWS010496",47,"N",10,"W"
"SUWS010497",40,"N",7,"E"
"SUWS010498",45,"N",14,"W"
"SUWS010499",49,"N",14,"W"
"SUWS010500",49,"N",14,"W"
"SUWS010501",49,"N",12,"W"
"SUWS010502",45,"N",14,"W"
"SUWS010505",49,"N",14,"W"
"SUWS010507",49,"N",14,"W"
"SUWS010508",49,"N",14,"W"
"SUWS010510",49,"N",13,"W"
"SUWS010513",48,"N",13,"W"
"SUWS010514",49,"N",14,"W"
"SUWS010523",49,"N",13,"W"
"SUWS010525",49,"N",14,"W"
"SUWS010526",49,"N",12,"W"
"SUWS010529",45,"N",14,"W"
"SUWS010530",49,"N",14,"W"
"SUWS010531",49,"N",14,"W"
"SUWS010539",40,"N",7,"E"
"SUWS010540",48,"N",14,"W"
"SUWS010552",49,"N",12,"W"
"SUWS010556",45,"N",13,"W"
"SUWS010557",47,"N",10,"W"
"SUWS010559",49,"N",12,"W"
"SUWS010573",45,"N",12,"W"
"SUWS010574",47,"N",10,"W"
"SUWS010576",45,"N",8,"W"
"SUWS010578",43,"N",11,"W"
"SUWS010581",43,"N",11,"W"
"SUWS010583",47,"N",13,"W"
"SUWS010585b",47,"N",7,"W"
"SUWS010587",47,"N",13,"W"
"SUWS010593",48,"N",14,"W"
"SUWS010603",47,"N",13,"W"
"SUWS010611",47,"N",13,"W"
"SUWS010614",48,"N",14,"W"
"SUWS010626",49,"N",14,"W"
"SUWS010630",49,"N",12,"W"
"SUWS010632",49,"N",14,"W"
"SUWS010633",49,"N",12,"W"
"SUWS010634",48,"N",10,"W"
"SUWS010642",40,"N",7,"E"
"SUWS010644",49,"N",14,"W"
"SUWS010648",48,"N",14,"W"
"SUWS010652",47,"N",13,"W"
"SUWS010658",43,"N",11,"W"
"SUWS010669",49,"N",14,"W"
"SUWS010670",40,"N",7,"E"
"SUWS010671",49,"N",14,"W"
"SUWS010674",49,"N",14,"W"
"SUWS010684",49,"N",14,"W"
"SUWS010685",49,"N",14,"W"
"SUWS010688",49,"N",14,"W"
"SUWS010689",49,"N",13,"W"
"SUWS010690",48,"N",11,"W"
"SUWS010708",46,"N",15,"W"
"SUWS010709",46,"N",15,"W"
"SUWS010714",46,"N",15,"W"
"SUWS010715",46,"N",15,"W"
"SUWS010719",45,"N",12,"W"
"SUWS010720",45,"N",8,"W"
"SUWS010721",45,"N",8,"W"
"SUWS010723",45,"N",8,"W"
"SUWS010725",45,"N",7,"W"
"SUWS010726",40,"N",16,"W"
"SUWS010736",47,"N",10,"W"
"SUWS010737",48,"N",14,"W"
"SUWS010740",48,"N",14,"W"
"SUWS010744",48,"N",14,"W"
"SUWS010749",45,"N",8,"W"
"SUWS010751",45,"N",8,"W"
"SUWS010753",49,"N",14,"W"
"SUWS010754",45,"N",8,"W"
"SUWS010755",45,"N",8,"W"
"SUWS010756",45,"N",7,"W"
"SUWS010758",45,"N",8,"W"
"SUWS010759",45,"N",8,"W"
"SUWS010760",45,"N",8,"W"
"SUWS010761",45,"N",8,"W"
"SUWS010762",45,"N",8,"W"
"SUWS010763",14,"N",2,"E"
"SUWS010764",45,"N",8,"W"
"SUWS010767",46,"N",15,"W"
"SUWS010773",48,"N",12,"W"
"SUWS010779",45,"N",7,"W"
"SUWS010780",45,"N",8,"W"
"SUWS010781",45,"N",8,"W"
"SUWS010782",45,"N",7,"W"
"SUWS010784",40,"N",16,"W"
"SUWS010785",45,"N",8,"W"
"SUWS010786",45,"N",8,"W"
"SUWS010789",45,"N",8,"W"
"SUWS010790",45,"N",8,"W"
"SUWS010792",45,"N",8,"W"
"SUWS010793",44,"N",8,"W"
"SUWS010795",48,"N",14,"W"
"SUWS010796",23,"N",15,"W"
"SUWS010797",14,"N",2,"E"
"SUWS010798",23,"N",15,"W"
"SUWS010800",46,"N",10,"W"
"SUWS010801",49,"N",14,"W"
"SUWS010805",27,"N",20,"E"
"SUWS010809",47,"N",10,"W"
"SUWS010817",45,"N",8,"W"
"SUWS010824",29,"N",19,"W"
"SUWS010829",40,"N",7,"E"
"SUWS010830",45,"N",8,"W"
"SUWS010832",45,"N",8,"W"
"SUWS010833",45,"N",8,"W"
"SUWS010838",46,"N",5,"W"
"SUWS010843",49,"N",14,"W"
"SUWS010844",44,"N",8,"W"
"SUWS010847",44,"N",8,"W"
"SUWS010849",49,"N",14,"W"
"SUWS010855",48,"N",14,"W"
"SUWS010856",45,"N",8,"W"
"SUWS010859",46,"N",5,"W"
"SUWS010860",46,"N",5,"W"
"SUWS010862",48,"N",14,"W"
"SUWS010863",45,"N",8,"W"
"SUWS010864",46,"N",5,"W"
"SUWS010868",27,"N",20,"E"
"SUWS010869",45,"N",7,"W"
"SUWS010873",46,"N",15,"W"
"SUWS010875",47,"N",10,"W"
"SUWS010876",45,"N",8,"W"
"SUWS010878",46,"N",10,"W"
"SUWS010887",47,"N",10,"W"
"SUWS010889",47,"N",14,"W"
"SUWS010900",11,"N",2,"W"
"SUWS010910",49,"N",14,"W"
"SUWS010913",49,"N",14,"W"
"SUWS010914",16,"N",7,"W"
"SUWS010915",45,"N",8,"W"
"SUWS010916",45,"N",8,"W"
"SUWS010919",49,"N",14,"W"
"SUWS010920",49,"N",14,"W"
"SUWS010924",15,"N",7,"W"
"SUWS010926",49,"N",14,"W"
"SUWS010927",47,"N",10,"W"
"SUWS010929",14,"N",7,"W"
"SUWS010938",51,"N",6,"W"
"SUWS010939",4,"N",12,"E"
"SUWS010944",4,"N",13,"E"
"SUWS010945",4,"N",13,"E"
"SUWS010946",49,"N",14,"W"
"SUWS010948",43,"N",11,"W"
"SUWS010952",45,"N",7,"W"
"SUWS010955",49,"N",14,"W"
"SUWS010957",49,"N",14,"W"
"SUWS010962",49,"N",14,"W"
"SUWS010963",49,"N",14,"W"
"SUWS010965",47,"N",11,"W"
"SUWS010968",48,"N",14,"W"
"SUWS010971",49,"N",14,"W"
"SUWS010972",45,"N",8,"W"
"SUWS010973",45,"N",8,"W"
"SUWS010977",45,"N",8,"W"
"SUWS010978",33,"N",10,"W"
"SUWS010979",49,"N",14,"W"
"SUWS010980",38,"N",16,"W"
"SUWS010981",49,"N",14,"W"
"SUWS010994",45,"N",8,"W"
"SUWS010995",47,"N",11,"W"
"SUWS010997",49,"N",14,"W"
"SUWS010998",49,"N",14,"W"
"SUWS010999",45,"N",8,"W"
"SUWS011000",45,"N",8,"W"
"SUWS011001",47,"N",11,"W"
"SUWS011005",49,"N",14,"W"
"SUWS011008",49,"N",14,"W"
"SUWS011021",47,"N",4,"W"
"SUWS011023",49,"N",14,"W"
"SUWS011024",48,"N",12,"W"
"SUWS011026",49,"N",14,"W"
"SUWS011031",47,"N",4,"W"
"SUWS011032",47,"N",4,"W"
"SUWS011033",49,"N",13,"W"
"SUWS011034",49,"N",14,"W"
"SUWS011041",49,"N",14,"W"
"SUWS011047",45,"N",8,"W"
"SUWS011048",45,"N",8,"W"
"SUWS011061",49,"N",14,"W"
"SUWS011062",49,"N",14,"W"
"SUWS011069",47,"N",11,"W"
"SUWS011070",45,"N",8,"W"
"SUWS011071",45,"N",8,"W"
"SUWS011072",45,"N",8,"W"
"SUWS011076",45,"N",8,"W"
"SUWS011078",45,"N",8,"W"
"SUWS011083",45,"N",8,"W"
"SUWS011084",45,"N",8,"W"
"SUWS011090",45,"N",8,"W"
"SUWS011091",45,"N",8,"W"
"SUWS011092",45,"N",8,"W"
"SUWS011104",26,"N",17,"W"
"SUWS011105",14,"N",2,"E"
"SUWS011112",49,"N",14,"W"
"SUWS011113",45,"N",8,"W"
"SUWS011115",45,"N",8,"W"
"SUWS011117",49,"N",14,"W"
"SUWS011118",46,"N",15,"W"
"SUWS011120",45,"N",12,"W"
"SUWS011121",49,"N",14,"W"
"SUWS011122",49,"N",14,"W"
"SUWS011123",45,"N",8,"W"
"SUWS011124",45,"N",8,"W"
"SUWS011125",45,"N",8,"W"
"SUWS011126",45,"N",8,"W"
"SUWS011128",45,"N",8,"W"
"SUWS011130",41,"N",15,"W"
"SUWS011132",49,"N",14,"W"
"SUWS011138",4,"N",12,"E"
"SUWS011148",49,"N",14,"W"
"SUWS011151",49,"N",14,"W"
"SUWS011152",4,"N",12,"E"
"SUWS011154",46,"N",15,"W"
"SUWS011161",49,"N",14,"W"
"SUWS011162",49,"N",14,"W"
"SUWS011173",45,"N",8,"W"
"SUWS011177",45,"N",8,"W"
"SUWS011181",45,"N",8,"W"
"SUWS011183",45,"N",6,"W"
"SUWS011187",44,"N",9,"W"
"SUWS011195",38,"N",16,"W"
"SUWS011198",43,"N",7,"W"
"SUWS011199",45,"N",8,"W"
"SUWS011201",45,"N",8,"W"
"SUWS011202",45,"N",8,"W"
"SUWS011214",50,"N",2,"W"
"SUWS011218",16,"N",3,"E"
"SUWS011221",49,"N",14,"W"
"SUWS011224",49,"N",14,"W"
"SUWS011225",37,"N",1,"E"
"SUWS011229",43,"N",7,"W"
"SUWS011238",49,"N",14,"W"
"SUWS011239",45,"N",8,"W"
"SUWS011241",48,"N",14,"W"
"SUWS011242",45,"N",8,"W"
"SUWS011243",45,"N",8,"W"
"SUWS011245",47,"N",10,"W"
"SUWS011247",49,"N",14,"W"
"SUWS011248",49,"N",14,"W"
"SUWS011255",49,"N",14,"W"
"SUWS011257",46,"N",10,"W"
"SUWS011259",47,"N",10,"W"
"SUWS011263",45,"N",8,"W"
"SUWS011264",45,"N",8,"W"
"SUWS011265",45,"N",8,"W"
"SUWS011266",45,"N",8,"W"
"SUWS011267",45,"N",8,"W"
"SUWS011269",45,"N",8,"W"
"SUWS011271",45,"N",8,"W"
"SUWS011273",45,"N",8,"W"
"SUWS011277",49,"N",14,"W"
"SUWS011281",49,"N",14,"W"
"SUWS011283",16,"N",7,"W"
"SUWS011291",45,"N",8,"W"
"SUWS011292",44,"N",7,"W"
"SUWS011294",45,"N",8,"W"
"SUWS011296",45,"N",8,"W"
"SUWS011297",49,"N",14,"W"
"SUWS011300",49,"N",14,"W"
"SUWS011301",49,"N",14,"W"
"SUWS011302",46,"N",15,"W"
"SUWS011304",46,"N",15,"W"
"SUWS011307",49,"N",14,"W"
"SUWS011316",45,"N",8,"W"
"SUWS011317",45,"N",8,"W"
"SUWS011319",46,"N",15,"W"
"SUWS011323",47,"N",11,"W"
"SUWS011324",45,"N",8,"W"
"SUWS011325",45,"N",8,"W"
"SUWS011328",46,"N",15,"W"
"SUWS011332",45,"N",7,"W"
"SUWS011333",45,"N",7,"W"
"SUWS011335",49,"N",14,"W"
"SUWS011336",45,"N",6,"W"
"SUWS011337",49,"N",14,"W"
"SUWS011342",49,"N",14,"W"
"SUWS011349",45,"N",8,"W"
"SUWS011351",45,"N",8,"W"
"SUWS011352",49,"N",11,"W"
"SUWS011361",49,"N",14,"W"
"SUWS011363",46,"N",2,"E"
"SUWS011364",47,"N",10,"W"
"SUWS011366",45,"N",8,"W"
"SUWS011367",45,"N",8,"W"
"SUWS011368",45,"N",8,"W"
"SUWS011380",49,"N",14,"W"
"SUWS011385",46,"N",15,"W"
"SUWS011386",48,"N",14,"W"
"SUWS011387",48,"N",14,"W"
"SUWS011388",46,"N",15,"W"
"SUWS011389",46,"N",15,"W"
"SUWS011391",45,"N",12,"W"
"SUWS011393",48,"N",14,"W"
"SUWS011400",47,"N",10,"W"
"SUWS011401",48,"N",14,"W"
"SUWS011410",40,"N",16,"W"
"SUWS011411",40,"N",16,"W"
"SUWS011414",46,"N",10,"W"
"SUWS011415",46,"N",15,"W"
"SUWS011420",49,"N",14,"W"
"SUWS011420b",49,"N",14,"W"
"SUWS011421",46,"N",15,"W"
"SUWS011423",46,"N",15,"W"
"SUWS011424",45,"N",7,"W"
"SUWS011425",42,"N",14,"W"
"SUWS011426",48,"N",14,"W"
"SUWS011428",48,"N",14,"W"
"SUWS011429",48,"N",14,"W"
"SUWS011430",46,"N",12,"W"
"SUWS011431",46,"N",15,"W"
"SUWS011435",47,"N",11,"W"
"SUWS011437",47,"N",6,"W"
"SUWS011442",45,"N",8,"W"
"SUWS011443",45,"N",8,"W"
"SUWS011448",47,"N",10,"W"
"SUWS011449",18,"N",9,"W"
"SUWS011457",49,"N",14,"W"
"SUWS011458",49,"N",13,"W"
"SUWS011461",49,"N",14,"W"
"SUWS011462",49,"N",14,"W"
"SUWS011463",33,"N",10,"W"
"SUWS011468",45,"N",8,"W"
"SUWS011469",45,"N",8,"W"
"SUWS011470",45,"N",8,"W"
"SUWS011477",49,"N",14,"W"
"SUWS011478",49,"N",14,"W"
"SUWS011482",45,"N",8,"W"
"SUWS011483",49,"N",14,"W"
"SUWS011485",49,"N",14,"W"
"SUWS011486",49,"N",14,"W"
"SUWS011493",49,"N",14,"W"
"SUWS011495",49,"N",14,"W"
"SUWS011497",49,"N",14,"W"
"SUWS011498",49,"N",14,"W"
"SUWS011501",47,"N",11,"W"
"SUWS011502",46,"N",13,"W"
"SUWS011505",49,"N",12,"W"
"SUWS011506",49,"N",14,"W"
"SUWS011509",49,"N",14,"W"
"SUWS011512",49,"N",14,"W"
"SUWS011513",49,"N",14,"W"
"SUWS011514",49,"N",14,"W"
"SUWS011519",49,"N",14,"W"
"SUWS011520",49,"N",14,"W"
"SUWS011521",49,"N",14,"W"
"SUWS011526",49,"N",14,"W"
"SUWS011527",49,"N",14,"W"
"SUWS011528",49,"N",14,"W"
"SUWS011529",49,"N",14,"W"
"SUWS011531",49,"N",14,"W"
"SUWS011533",49,"N",14,"W"
"SUWS011537",51,"N",6,"W"
"SUWS011546",44,"N",11,"W"
"SUWS011550",49,"N",14,"W"
"SUWS011553",46,"N",15,"W"
"SUWS011554",46,"N",15,"W"
"SUWS011557",45,"N",8,"W"
"SUWS011558",49,"N",14,"W"
"SUWS011559",49,"N",13,"W"
"SUWS011560",46,"N",15,"W"
"SUWS011563",31,"N",19,"W"
"SUWS011564",45,"N",8,"W"
"SUWS011565",43,"N",7,"W"
"SUWS011566",43,"N",7,"W"
"SUWS011572",45,"N",8,"W"
"SUWS011573",49,"N",14,"W"
"SUWS011574",45,"N",8,"W"
"SUWS011575",49,"N",14,"W"
"SUWS011576",46,"N",15,"W"
"SUWS011577",45,"N",8,"W"
"SUWS011578",45,"N",8,"W"
"SUWS011579",46,"N",15,"W"
"SUWS011580",45,"N",8,"W"
"SUWS011584",49,"N",14,"W"
"SUWS011587",49,"N",14,"W"
"SUWS011588",49,"N",14,"W"
"SUWS011590",46,"N",5,"W"
"SUWS011591",45,"N",8,"W"
"SUWS011593",49,"N",14,"W"
"SUWS011602",49,"N",14,"W"
"SUWS011605",45,"N",8,"W"
"SUWS011607",44,"N",7,"W"
"SUWS011610",45,"N",8,"W"
"SUWS011611",47,"N",10,"W"
"SUWS011614",49,"N",14,"W"
"SUWS011617",45,"N",7,"W"
"SUWS011618",45,"N",8,"W"
"SUWS011619",46,"N",5,"W"
"SUWS011621",44,"N",7,"W"
"SUWS011622",45,"N",7,"W"
"SUWS011623",45,"N",8,"W"
"SUWS011624",45,"N",8,"W"
"SUWS011625",45,"N",8,"W"
"SUWS011628",45,"N",8,"W"
"SUWS011630",48,"N",14,"W"
"SUWS011631",49,"N",13,"W"
"SUWS011632",31,"N",19,"W"
"SUWS011639",49,"N",12,"W"
"SUWS011640",49,"N",14,"W"
"SUWS011642",49,"N",13,"W"
"SUWS011643",49,"N",14,"W"
"SUWS011650",46,"N",14,"W"
"SUWS011652",49,"N",14,"W"
"SUWS011655",49,"N",14,"W"
"SUWS011657",49,"N",12,"W"
"SUWS011663",46,"N",15,"W"
"SUWS011664",47,"N",11,"W"
"SUWS011667",46,"N",14,"W"
"SUWS011673",40,"N",7,"E"
"SUWS011675",44,"N",2,"W"
"SUWS011676",45,"N",8,"W"
"SUWS011679",47,"N",11,"W"
"SUWS011689",45,"N",8,"W"
"SUWS011690",46,"N",15,"W"
"SUWS011697",43,"N",11,"W"
"SUWS011706",45,"N",8,"W"
"SUWS011714",47,"N",10,"W"
"SUWS011715",48,"N",14,"W"
"SUWS011718",46,"N",14,"W"
"SUWS011720",46,"N",15,"W"
"SUWS011722",45,"N",8,"W"
"SUWS011723",45,"N",8,"W"
"SUWS011727",45,"N",8,"W"
"SUWS011731",45,"N",7,"W"
"SUWS011733",45,"N",8,"W"
"SUWS011734",45,"N",8,"W"
"SUWS011736",45,"N",7,"W"
"SUWS011738",45,"N",8,"W"
"SUWS011740",46,"N",15,"W"
"SUWS011741",45,"N",8,"W"
"SUWS011749",49,"N",14,"W"
"SUWS011754",48,"N",14,"W"
"SUWS011755",48,"N",14,"W"
"SUWS011760",47,"N",8,"W"
"SUWS011761",47,"N",8,"W"
"SUWS011762",47,"N",8,"W"
"SUWS011763",45,"N",8,"W"
"SUWS011765",44,"N",7,"W"
"SUWS011766",47,"N",8,"W"
"SUWS011769",45,"N",8,"W"
"SUWS011770",45,"N",8,"W"
"SUWS011772",48,"N",12,"W"
"SUWS011775",49,"N",14,"W"
"SUWS011777",47,"N",10,"W"
"SUWS011779",49,"N",14,"W"
"SUWS011780",49,"N",14,"W"
"SUWS011781",45,"N",8,"W"
"SUWS011783",45,"N",8,"W"
"SUWS011788",49,"N",14,"W"
"SUWS011790",48,"N",14,"W"
"SUWS011794",47,"N",15,"W"
"SUWS011795",45,"N",8,"W"
"SUWS011797",45,"N",7,"W"
"SUWS011798",45,"N",8,"W"
"SUWS011799",49,"N",14,"W"
"SUWS011800",48,"N",14,"W"
"SUWS011803",45,"N",8,"W"
"SUWS011804",45,"N",8,"W"
"SUWS011805",45,"N",8,"W"
"SUWS011809",47,"N",10,"W"
"SUWS011811",45,"N",8,"W"
"SUWS011813",45,"N",8,"W"
"SUWS011814",45,"N",8,"W"
"SUWS011815",49,"N",14,"W"
"SUWS011816",45,"N",8,"W"
"SUWS011817",43,"N",11,"W"
"SUWS011822",49,"N",14,"W"
"SUWS011826",46,"N",15,"W"
"SUWS011827",46,"N",15,"W"
"SUWS011828",45,"N",8,"W"
"SUWS011829",45,"N",8,"W"
"SUWS011843",48,"N",14,"W"
"SUWS011845",49,"N",14,"W"
"SUWS011847",46,"N",15,"W"
"SUWS011854",49,"N",14,"W"
"SUWS011860",33,"N",11,"W"
"SUWS011861",48,"N",14,"W"
"SUWS011862",48,"N",14,"W"
"SUWS011867",48,"N",14,"W"
"SUWS011868",18,"N",23,"E"
"SUWS011870",46,"N",15,"W"
"SUWS011871",44,"N",7,"W"
"SUWS011881",48,"N",14,"W"
"SUWS011884",47,"N",10,"W"
"SUWS011887",48,"N",14,"W"
"SUWS011898",48,"N",14,"W"
"SUWS011899",48,"N",14,"W"
"SUWS011900",46,"N",15,"W"
"SUWS011903",45,"N",8,"W"
"SUWS011918",45,"N",7,"W"
"SUWS011920",46,"N",15,"W"
"SUWS011921",45,"N",8,"W"
"SUWS011922",45,"N",8,"W"
"SUWS011923",31,"N",19,"W"
"SUWS011938",14,"N",2,"E"
"SUWS011939",14,"N",2,"E"
"SUWS011940",45,"N",8,"W"
"SUWS011941",45,"N",7,"W"
"SUWS011942",44,"N",11,"W"
"SUWS011945",33,"N",10,"W"
"SUWS011947",45,"N",8,"W"
"SUWS011948",45,"N",8,"W"
"SUWS011949",45,"N",8,"W"
"SUWS011951",45,"N",8,"W"
"SUWS011956",46,"N",15,"W"
"SUWS011957",45,"N",12,"W"
"SUWS011958",45,"N",8,"W"
"SUWS011960",45,"N",8,"W"
"SUWS011961",44,"N",8,"W"
"SUWS011962",45,"N",8,"W"
"SUWS011963",45,"N",8,"W"
"SUWS011969",44,"N",7,"W"
"SUWS011970",44,"N",7,"W"
"SUWS011973",45,"N",7,"W"
"SUWS011975",43,"N",7,"W"
"SUWS011977",38,"N",16,"W"
"SUWS011978",49,"N",14,"W"
"SUWS011979",26,"N",7,"W"
"SUWS011985",45,"N",8,"W"
"SUWS011993",45,"N",8,"W"
"SUWS011994",40,"N",16,"W"
"SUWS011996",16,"N",3,"E"
"SUWS012000",48,"N",11,"W"
"SUWS012007",45,"N",8,"W"
"SUWS012008",47,"N",11,"W"
"SUWS012009",50,"N",8,"W"
"SUWS012012",45,"N",8,"W"
"SUWS012013",45,"N",8,"W"
"SUWS012014",46,"N",12,"W"
"SUWS012023",49,"N",13,"W"
"SUWS012026",37,"N",20,"E"
"SUWS012027",45,"N",8,"W"
"SUWS012028",47,"N",10,"W"
"SUWS012029",45,"N",8,"W"
"SUWS012031",45,"N",8,"W"
"SUWS012032",40,"N",16,"W"
"SUWS012033",49,"N",14,"W"
"SUWS012034",49,"N",14,"W"
"SUWS012037",45,"N",8,"W"
"SUWS012047",49,"N",14,"W"
"SUWS012055",47,"N",15,"W"
"SUWS012058",44,"N",7,"W"
"SUWS012059",43,"N",7,"W"
"SUWS012061",49,"N",14,"W"
"SUWS012067",48,"N",14,"W"
"SUWS012070",48,"N",8,"W"
"SUWS012072",45,"N",8,"W"
"SUWS012073",49,"N",14,"W"
"SUWS012074",45,"N",7,"W"
"SUWS012076",45,"N",8,"W"
"SUWS012080",47,"N",11,"W"
"SUWS012082",51,"N",6,"W"
"SUWS012084",45,"N",8,"W"
"SUWS012089",48,"N",14,"W"
"SUWS012091",45,"N",8,"W"
"SUWS012094",49,"N",13,"W"
"SUWS012109",49,"N",14,"W"
"SUWS012111",45,"N",8,"W"
"SUWS012115",40,"N",16,"W"
"SUWS012118",46,"N",10,"W"
"SUWS012130",21,"N",13,"W"
"SUWS012137",45,"N",8,"W"
"SUWS012138",45,"N",8,"W"
"SUWS012153",17,"N",5,"W"
"SUWS012154",45,"N",8,"W"
"SUWS012163",52,"N",2,"W"
"SUWS012167",49,"N",14,"W"
"SUWS012169",49,"N",14,"W"
"SUWS012171",49,"N",12,"W"
"SUWS012174",40,"N",16,"W"
"SUWS012176",49,"N",14,"W"
"SUWS012181",45,"N",8,"W"
"SUWS012186",26,"N",17,"W"
"SUWS012191",46,"N",5,"W"
"SUWS012195",40,"N",16,"W"
"SUWS012196",40,"N",16,"W"
"SUWS012198",48,"N",10,"W"
"SUWS012199",48,"N",10,"W"
"SUWS012200",48,"N",10,"W"
"SUWS012201",49,"N",14,"W"
"SUWS012202",49,"N",14,"W"
"SUWS012204",14,"N",2,"E"
"SUWS012205",14,"N",2,"E"
"SUWS012208",49,"N",14,"W"
"SUWS012212",45,"N",8,"W"
"SUWS012213",48,"N",14,"W"
"SUWS012214",44,"N",7,"W"
"SUWS012215",45,"N",8,"W"
"SUWS012217",45,"N",8,"W"
"SUWS012218",45,"N",7,"W"
"SUWS012221",44,"N",7,"W"
"SUWS012223",45,"N",8,"W"
"SUWS012224",31,"N",19,"W"
"SUWS012226",49,"N",14,"W"
"SUWS012227",45,"N",8,"W"
"SUWS012245",49,"N",14,"W"
"SUWS012247",38,"N",16,"W"
"SUWS012248",45,"N",7,"W"
"SUWS012249",43,"N",7,"W"
"SUWS012250",45,"N",8,"W"
"SUWS012253",44,"N",7,"W"
"SUWS012254",16,"N",3,"E"
"SUWS012255",45,"N",6,"W"
"SUWS012258",45,"N",8,"W"
"SUWS012261",45,"N",8,"W"
"SUWS012264",45,"N",8,"W"
"SUWS012265",44,"N",8,"W"
"SUWS012266",45,"N",8,"W"
"SUWS012271",44,"N",8,"W"
"SUWS012274",48,"N",14,"W"
"SUWS012275",43,"N",7,"W"
"SUWS012279",45,"N",7,"W"
"SUWS012281",45,"N",8,"W"
"SUWS012282",45,"N",7,"W"
"SUWS012284",45,"N",8,"W"
"SUWS012285",45,"N",8,"W"
"SUWS012286",45,"N",7,"W"
"SUWS012287",27,"N",9,"W"
"SUWS012288",45,"N",8,"W"
"SUWS012292",49,"N",14,"W"
"SUWS012294",49,"N",14,"W"
"SUWS012295",45,"N",8,"W"
"SUWS012296",44,"N",7,"W"
"SUWS012297",45,"N",8,"W"
"SUWS012302",49,"N",14,"W"
"SUWS012303",49,"N",14,"W"
"SUWS012304",14,"N",2,"E"
"SUWS012316",49,"N",14,"W"
"SUWS012319",49,"N",13,"W"
"SUWS012323",45,"N",8,"W"
"SUWS012324",45,"N",8,"W"
"SUWS012325",45,"N",8,"W"
"SUWS012326",45,"N",7,"W"
"SUWS012330",44,"N",7,"W"
"SUWS012331",43,"N",7,"W"
"SUWS012336",45,"N",8,"W"
"SUWS012337",45,"N",8,"W"
"SUWS012338",45,"N",7,"W"
"SUWS012339",45,"N",7,"W"
"SUWS012340",46,"N",8,"W"
"SUWS012341",45,"N",8,"W"
"SUWS012342",45,"N",7,"W"
"SUWS012346",49,"N",14,"W"
"SUWS012347",45,"N",8,"W"
"SUWS012348",44,"N",8,"W"
"SUWS012349",45,"N",8,"W"
"SUWS012352",46,"N",15,"W"
"SUWS012353",48,"N",14,"W"
"SUWS012357",46,"N",15,"W"
"SUWS012358",49,"N",14,"W"
"SUWS012363",44,"N",7,"W"
"SUWS012364",44,"N",7,"W"
"SUWS012365",45,"N",8,"W"
"SUWS012366",45,"N",8,"W"
"SUWS012368",45,"N",7,"W"
"SUWS012369",45,"N",8,"W"
"SUWS012370",45,"N",8,"W"
"SUWS012371",45,"N",8,"W"
"SUWS012372",43,"N",7,"W"
"SUWS012373",45,"N",8,"W"
"SUWS012382",45,"N",8,"W"
"SUWS012383",16,"N",3,"E"
"SUWS012389",45,"N",8,"W"
"SUWS012391",45,"N",8,"W"
"SUWS012392",44,"N",8,"W"
"SUWS012393",45,"N",8,"W"
"SUWS012394",45,"N",12,"W"
"SUWS012398",49,"N",14,"W"
"SUWS012411",15,"N",20,"E"
"SUWS012421",40,"N",16,"W"
"SUWS012423",33,"N",19,"W"
"SUWS012439",4,"N",12,"E"
"SUWS012443",43,"N",7,"W"
"SUWS012444",33,"N",10,"W"
"SUWS012469",38,"N",16,"W"
"SUWS012480",47,"N",10,"W"
"SUWS012481",45,"N",12,"W"
"SUWS012482",45,"N",12,"W"
"SUWS012483",45,"N",8,"W"
"SUWS012493",49,"N",14,"W"
"SUWS012495",49,"N",14,"W"
"SUWS012502",49,"N",14,"W"
"SUWS012506",45,"N",12,"W"
"SUWS012510",46,"N",14,"W"
"SUWS012511",45,"N",8,"W"
"SUWS012512",45,"N",8,"W"
"SUWS012513",45,"N",8,"W"
"SUWS012516",45,"N",8,"W"
"SUWS012517",49,"N",14,"W"
"SUWS012520",49,"N",14,"W"
"SUWS012524",48,"N",14,"W"
"SUWS012528",48,"N",14,"W"
"SUWS012529",45,"N",8,"W"
"SUWS012540",38,"N",16,"W"
"SUWS012557",49,"N",14,"W"
"SUWS012562",48,"N",14,"W"
"SUWS012563",14,"N",2,"E"
"SUWS012566",45,"N",7,"W"
"SUWS012567",45,"N",8,"W"
"SUWS012573",45,"N",8,"W"
"SUWS012574",45,"N",8,"W"
"SUWS012578",45,"N",8,"W"
"SUWS012588",48,"N",14,"W"
"SUWS012592",49,"N",13,"W"
"SUWS012593",49,"N",13,"W"
"SUWS012594",45,"N",8,"W"
"SUWS012603",45,"N",8,"W"
"SUWS012607",46,"N",10,"W"
"SUWS012610",46,"N",15,"W"
"SUWS012613",46,"N",15,"W"
"SUWS012625",47,"N",8,"W"
"SUWS012626",16,"N",3,"E"
"SUWS012632",48,"N",10,"W"
"SUWS012633",49,"N",14,"W"
"SUWS012634",18,"N",23,"E"
"SUWS012639",49,"N",13,"W"
"SUWS012649",15,"N",20,"E"
"SUWS012665",45,"N",8,"W"
"SUWS012667",45,"N",8,"W"
"SUWS012669",49,"N",14,"W"
"SUWS012681",45,"N",7,"W"
"SUWS012682",46,"N",15,"W"
"SUWS012683",44,"N",8,"W"
"SUWS012684",45,"N",8,"W"
"SUWS012685",45,"N",8,"W"
"SUWS012686",45,"N",8,"W"
"SUWS012688",49,"N",14,"W"
"SUWS012689",37,"N",1,"E"
"SUWS012690",45,"N",7,"W"
"SUWS012691",45,"N",8,"W"
"SUWS012692",46,"N",11,"W"
"SUWS012703",45,"N",8,"W"
"SUWS012705",45,"N",8,"W"
"SUWS012707",45,"N",8,"W"
"SUWS012712",45,"N",8,"W"
"SUWS012713",39,"N",18,"W"
"SUWS012714",37,"N",17,"W"
"SUWS012715",38,"N",16,"W"
"SUWS012716",37,"N",17,"W"
"SUWS012719",16,"N",3,"E"
"SUWS012726",45,"N",8,"W"
"SUWS012727",45,"N",8,"W"
"SUWS012728",45,"N",8,"W"
"SUWS012729",41,"N",16,"W"
"SUWS012735",40,"N",16,"W"
"SUWS012736",46,"N",15,"W"
"SUWS012738",49,"N",14,"W"
"SUWS012739",16,"N",7,"W"
"SUWS012740",49,"N",14,"W"
"SUWS012743",45,"N",8,"W"
"SUWS012744",45,"N",8,"W"
"SUWS012745",45,"N",8,"W"
"SUWS012752",45,"N",8,"W"
"SUWS012755",45,"N",7,"W"
"SUWS012756",45,"N",8,"W"
"SUWS012757",33,"N",19,"W"
"SUWS012758",45,"N",7,"W"
"SUWS012766",45,"N",8,"W"
"SUWS012768",45,"N",8,"W"
"SUWS012770",45,"N",8,"W"
"SUWS012771",45,"N",8,"W"
"SUWS012772",44,"N",7,"W"
"SUWS012773",45,"N",8,"W"
"SUWS012774",45,"N",7,"W"
"SUWS012775",44,"N",7,"W"
"SUWS012778",44,"N",7,"W"
"SUWS012781",46,"N",15,"W"
"SUWS012788",44,"N",7,"W"
"SUWS012795",45,"N",8,"W"
"SUWS012799",41,"N",16,"W"
"SUWS012805",15,"N",4,"W"
"SUWS012806",14,"N",2,"E"
"SUWS012822",48,"N",14,"W"
"SUWS012824",48,"N",14,"W"
"SUWS012826",48,"N",14,"W"
"SUWS012827",48,"N",14,"W"
"SUWS012828",48,"N",14,"W"
"SUWS012834",44,"N",7,"W"
"SUWS012835",47,"N",10,"W"
"SUWS012851",45,"N",8,"W"
"SUWS012867",48,"N",14,"W"
"SUWS012871",46,"N",15,"W"
"SUWS012872",26,"N",17,"W"
"SUWS012875",44,"N",7,"W"
"SUWS012891",45,"N",8,"W"
"SUWS012893",11,"N",2,"W"
"SUWS012894",45,"N",8,"W"
"SUWS012899",45,"N",9,"W"
"SUWS012906",46,"N",15,"W"
"SUWS012907",49,"N",14,"W"
"SUWS012908",49,"N",14,"W"
"SUWS012913",48,"N",13,"W"
"SUWS012914",42,"N",8,"W"
"SUWS012924",28,"N",25,"E"
"SUWS013044",48,"N",13,"W"
"SUWS013074",38,"N",19,"W"
"SUWS013075",38,"N",19,"W"
"SUWS013077",38,"N",19,"W"
"SUWS013089",38,"N",19,"W"
"SUWS013111",49,"N",14,"W"
"SUWS013115",49,"N",14,"W"
"SUWS013119",49,"N",14,"W"
"SUWS013121",49,"N",14,"W"
"SUWS013122",49,"N",14,"W"
"SUWS013140",48,"N",14,"W"
"SUWS013142",48,"N",14,"W"
"SUWS013146",48,"N",14,"W"
"SUWS013148",49,"N",14,"W"
"SUWS013548",37,"N",8,"E"
"SUWS013552",49,"N",14,"W"
"SUWS013553",49,"N",14,"W"
"SUWS013555",49,"N",14,"W"
"SUWS013559",49,"N",14,"W"
"SUWS013563",49,"N",14,"W"
"SUWS013566",49,"N",14,"W"
"SUWS013572",49,"N",14,"W"
"SUWS013574",49,"N",14,"W"
"SUWS013579",39,"N",18,"W"
"SUWS013584",49,"N",14,"W"
"SUWS013745",48,"N",14,"W"
"SUWS013746",48,"N",14,"W"
"SUWS013747",48,"N",13,"W"
"SUWS013749",48,"N",13,"W"
"SUWS013752",48,"N",13,"W"
"SUWS013753",48,"N",13,"W"
"SUWS013754",48,"N",13,"W"
"SUWS013755",49,"N",14,"W"
"SUWS013758",48,"N",14,"W"
"SUWS013759",49,"N",14,"W"
"SUWS013760",48,"N",13,"W"
"SUWS013761",48,"N",13,"W"
"SUWS013762",48,"N",13,"W"
"SUWS013765",48,"N",13,"W"
"SUWS013767",48,"N",13,"W"
"SUWS013768",48,"N",14,"W"
"SUWS013769",48,"N",13,"W"
"SUWS013859",48,"N",13,"W"
"SUWS013875",49,"N",14,"W"
"SUWS013893",49,"N",14,"W"
"SUWS013896",49,"N",14,"W"
"SUWS013897",48,"N",13,"W"
"SUWS013898",48,"N",13,"W"
"SUWS013929",47,"N",11,"W"
"SUWS013940",46,"N",15,"W"
"SUWS013942",46,"N",15,"W"
"SUWS013943",49,"N",14,"W"
"SUWS013949",49,"N",14,"W"
"SUWS013950",50,"N",2,"W"
"SUWS013951",48,"N",13,"W"
"SUWS013959",47,"N",11,"W"
"SUWS013961",47,"N",11,"W"
"SUWS013963",47,"N",10,"W"
"SUWS013965",48,"N",13,"W"
"SUWS013970",49,"N",14,"W"
"SUWS013971A",42,"N",14,"W"
"SUWS013972b",49,"N",13,"W"
"SUWS013989",49,"N",14,"W"
"SUWS013996",49,"N",12,"W"
"SUWS014002",46,"N",11,"W"
"SUWS014003",46,"N",11,"W"
"SUWS014005",46,"N",11,"W"
"SUWS014006",46,"N",11,"W"
"SUWS014008",47,"N",10,"W"
"SUWS014009",47,"N",10,"W"
"SUWS014013",47,"N",11,"W"
"SUWS014014",47,"N",11,"W"
"SUWS014015",49,"N",14,"W"
"SUWS014018",48,"N",14,"W"
"SUWS014021",49,"N",13,"W"
"SUWS014074",15,"N",7,"W"
"SUWS014075",16,"N",7,"W"
"SUWS014106",46,"N",15,"W"
"SUWS014107",52,"N",2,"W"
"SUWS014130",15,"N",5,"W"
"SUWS014134",19,"N",9,"W"
"SUWS014137",15,"N",5,"W"
"SUWS014141",17,"N",3,"W"
"SUWS014190",33,"N",10,"W"
"SUWS014195",46,"N",10,"W"
"SUWS014198",46,"N",15,"W"
"SUWS014207",49,"N",14,"W"
"SUWS014211",49,"N",14,"W"
"SUWS014215",49,"N",14,"W"
"SUWS014219",46,"N",14,"W"
"SUWS014226",46,"N",15,"W"
"SUWS014233",16,"N",7,"W"
"SUWS014235",46,"N",15,"W"
"SUWS014238",47,"N",11,"W"
"SUWS014239",46,"N",7,"W"
"SUWS014240",46,"N",15,"W"
"SUWS014245",46,"N",13,"W"
"SUWS014246",40,"N",16,"W"
"SUWS014252",44,"N",8,"W"
"SUWS014253",29,"N",19,"W"
"SUWS014256",45,"N",7,"W"
"SUWS014257",45,"N",8,"W"
"SUWS014258",48,"N",14,"W"
"SUWS014283",44,"N",8,"W"
"SUWS014284",44,"N",8,"W"
"SUWS014285",45,"N",7,"W"
"SUWS014288",45,"N",8,"W"
"SUWS014292",45,"N",8,"W"
"SUWS014296",31,"N",19,"W"
"SUWS014303",49,"N",11,"W"
"SUWS014309",48,"N",14,"W"
"SUWS014310",48,"N",13,"W"
"SUWS014328",43,"N",7,"W"
"SUWS014329",45,"N",7,"W"
"SUWS014330",46,"N",5,"W"
"SUWS014331",40,"N",16,"W"
"SUWS014334",25,"N",6,"W"
"SUWS014335",45,"N",7,"W"
"SUWS014336",45,"N",8,"W"
"SUWS014338",29,"N",19,"W"
"SUWS014340",45,"N",8,"W"
"SUWS014341",44,"N",8,"W"
"SUWS014344",1,"N",23,"E"
"SUWS014348",48,"N",14,"W"
"SUWS014349",48,"N",13,"W"
"SUWS014362",45,"N",7,"W"
"SUWS014363",33,"N",10,"W"
"SUWS014364",47,"N",13,"W"
"SUWS014368",40,"N",16,"W"
"SUWS014372",47,"N",11,"W"
"SUWS014379",8,"N",3,"E"
"SUWS014386",17,"N",5,"W"
"SUWS014389",48,"N",8,"W"
"SUWS014393",46,"N",15,"W"
"SUWS014397",47,"N",13,"W"
"SUWS014402",43,"N",7,"W"
"SUWS014403",49,"N",14,"W"
"SUWS014429",33,"N",19,"W"
"SUWS014432",49,"N",13,"W"
"SUWS014433",49,"N",14,"W"
"SUWS014434",49,"N",14,"W"
"SUWS014436",49,"N",14,"W"
"SUWS014437",49,"N",14,"W"
"SUWS014452",48,"N",13,"W"
"SUWS014455",49,"N",14,"W"
"SUWS014456",48,"N",14,"W"
"SUWS014491",49,"N",14,"W"
"SUWS014492",49,"N",14,"W"
"SUWS014494",49,"N",14,"W"
"SUWS014502",49,"N",14,"W"
"SUWS014503",49,"N",14,"W"
"SUWS014505",49,"N",14,"W"
"SUWS014524",48,"N",14,"W"
"SUWS014526",46,"N",12,"W"
"SUWS014546",49,"N",14,"W"
"SUWS014564",49,"N",14,"W"
"SUWS014569",49,"N",14,"W"
"SUWS014570",49,"N",14,"W"
"SUWS014571",49,"N",14,"W"
"SUWS014572",49,"N",14,"W"
"SUWS014575",46,"N",12,"W"
"SUWS014588",46,"N",12,"W"
"SUWS014589",49,"N",14,"W"
"SUWS014670",49,"N",14,"W"
"SUWS014674",49,"N",14,"W"
"SUWS014735",49,"N",14,"W"
"SUWS014808",48,"N",4,"W"
"SUWS014809",48,"N",4,"W"
"SUWS014823",49,"N",14,"W"
"SUWS014833",49,"N",14,"W"
"SUWS014841",49,"N",14,"W"
"SUWS014989",48,"N",13,"W"
"SUWS014991",48,"N",4,"W"
"SUWS015000",49,"N",14,"W"
"SUWS015001",45,"N",7,"W"
"SUWS015004",47,"N",11,"W"
"SUWS015005",44,"N",8,"W"
"SUWS015014",44,"N",8,"W"
"SUWS015016",48,"N",12,"W"
"SUWS015017",44,"N",8,"W"
"SUWS015019",47,"N",10,"W"
"SUWS015024",45,"N",8,"W"
"SUWS015025",49,"N",14,"W"
"SUWS015029",44,"N",8,"W"
"SUWS015035",44,"N",8,"W"
"SUWS015048",49,"N",14,"W"
"SUWS015053",47,"N",13,"W"
"SUWS015074",47,"N",11,"W"
"SUWS015185",45,"N",7,"W"
"SUWS015197",45,"N",8,"W"
"SUWS015199",45,"N",8,"W"
"SUWS015215",40,"N",16,"W"
"SUWS015216",46,"N",13,"W"
"SUWS015220",47,"N",8,"W"
"SUWS015224",47,"N",11,"W"
"SUWS015227",49,"N",14,"W"
"SUWS015234",46,"N",10,"W"
"SUWS015239",51,"N",2,"W"
"SUWS015247",46,"N",15,"W"
"SUWS015253",45,"N",8,"W"
"SUWS015254",31,"N",19,"W"
"SUWS015255",31,"N",19,"W"
"SUWS015259",38,"N",16,"W"
"SUWS015265",45,"N",8,"W"
"SUWS015278",41,"N",16,"W"
"SUWS015279",44,"N",9,"W"
"SUWS015281",44,"N",2,"W"
"SUWS015285",44,"N",7,"W"
"SUWS015286",47,"N",10,"W"
"SUWS015290",43,"N",7,"W"
"SUWS015293",44,"N",8,"W"
"SUWS015302",45,"N",12,"W"
"SUWS015314",44,"N",11,"W"
"SUWS015315",31,"N",19,"W"
"SUWS015317",44,"N",11,"W"
"SUWS015318",49,"N",14,"W"
"SUWS015322",48,"N",14,"W"
"SUWS015323",47,"N",13,"W"
"SUWS015333",26,"N",17,"W"
"SUWS015340",49,"N",14,"W"
"SUWS015341",49,"N",14,"W"
"SUWS015343",48,"N",14,"W"
"SUWS015347",49,"N",14,"W"
"SUWS015367",44,"N",8,"W"
"SUWS015369",51,"N",1,"W"
"SUWS015370",33,"N",19,"W"
"SUWS015376",43,"N",7,"W"
"SUWS015382",46,"N",15,"W"
"SUWS015388",43,"N",7,"W"
"SUWS015397",46,"N",15,"W"
"SUWS015407",49,"N",13,"W"
"SUWS015411",48,"N",13,"W"
"SUWS015413",49,"N",14,"W"
"SUWS015416",46,"N",15,"W"
"SUWS015417",44,"N",14,"W"
"SUWS015422",48,"N",13,"W"
"SUWS015426",46,"N",15,"W"
"SUWS015438",46,"N",15,"W"
"SUWS015441",47,"N",13,"W"
"SUWS015464",46,"N",10,"W"
"SUWS015467",41,"N",16,"W"
"SUWS015472",49,"N",14,"W"
"SUWS015473",49,"N",14,"W"
"SUWS015484",46,"N",15,"W"
"SUWS015487",46,"N",15,"W"
"SUWS015494",48,"N",10,"W"
"SUWS015499",47,"N",10,"W"
"SUWS015501",41,"N",16,"W"
"SUWS015502",41,"N",16,"W"
"SUWS015509",18,"N",23,"E"
"SUWS015512",44,"N",7,"W"
"SUWS015513",29,"N",19,"W"
"SUWS015514",46,"N",14,"W"
"SUWS015525",49,"N",13,"W"
"SUWS015529",47,"N",10,"W"
"SUWS015533",47,"N",10,"W"
"SUWS015534",49,"N",10,"W"
"SUWS015538",47,"N",11,"W"
"SUWS015552",49,"N",14,"W"
"SUWS015570",32,"N",10,"W"
"SUWS015587",47,"N",8,"W"
"SUWS015608",11,"N",2,"W"
"SUWS015613",42,"N",2,"W"
"SUWS015614",18,"N",9,"W"
"SUWS015619",15,"N",4,"W"
"SUWS015630",17,"N",3,"W"
"SUWS015636",17,"N",3,"W"
"SUWS015637",42,"N",2,"W"
"SUWS015640",15,"N",4,"W"
"SUWS015644",15,"N",7,"W"
"SUWS015659",15,"N",7,"W"
"SUWS015660",15,"N",7,"W"
"SUWS015670",42,"N",2,"W"
"SUWS015673",18,"N",9,"W"
"SUWS015677",18,"N",9,"W"
"SUWS015682",16,"N",6,"W"
"SUWS015688",42,"N",2,"W"
"SUWS015689",18,"N",9,"W"
"SUWS015690",18,"N",9,"W"
"SUWS015691",45,"N",8,"W"
"SUWS015693",45,"N",8,"W"
"SUWS015706",49,"N",14,"W"
"SUWS015714",17,"N",3,"W"
"SUWS015716",15,"N",7,"W"
"SUWS015729",17,"N",3,"W"
"SUWS015738",42,"N",2,"W"
"SUWS015739",45,"N",8,"W"
"SUWS015746",46,"N",15,"W"
"SUWS015751",46,"N",15,"W"
"SUWS015760",49,"N",14,"W"
"SUWS015765",15,"N",5,"W"
"SUWS015781",19,"N",6,"E"
"SUWS015798",49,"N",14,"W"
"SUWS015811",49,"N",13,"W"
"SUWS015844",49,"N",14,"W"
"SUWS015848",3,"N",19,"E"
"SUWS015850",13,"N",2,"W"
"SUWS015863",49,"N",14,"W"
"SUWS015876",17,"N",2,"W"
"SUWS015931",17,"N",5,"W"
"SUWS015943",49,"N",14,"W"
"SUWS015955",46,"N",10,"W"
"SUWS015961",47,"N",10,"W"
"SUWS015963",46,"N",14,"W"
"SUWS015965",17,"N",4,"W"
"SUWS015971",46,"N",14,"W"
"SUWS015988",14,"N",2,"E"
"SUWS015992",47,"N",10,"W"
"SUWS015994",47,"N",10,"W"
"SUWS016007",49,"N",14,"W"
"SUWS016010",47,"N",2,"W"
"SUWS016012",46,"N",15,"W"
"SUWS016020",46,"N",10,"W"
"SUWS016021",49,"N",14,"W"
"SUWS016022",18,"N",23,"E"
"SUWS0160224",18,"N",16,"E"
"SUWS016024",18,"N",16,"E"
"SUWS016027",48,"N",13,"W"
"SUWS016028",15,"N",5,"W"
"SUWS016029",15,"N",5,"W"
"SUWS016040",45,"N",8,"W"
"SUWS016045",49,"N",12,"W"
"SUWS016048",48,"N",14,"W"
"SUWS016053",49,"N",14,"W"
"SUWS016056",49,"N",14,"W"
"SUWS016062",43,"N",7,"W"
"SUWS016077",46,"N",14,"W"
"SUWS016079",47,"N",14,"W"
"SUWS016081",45,"N",8,"W"
"SUWS016087",49,"N",14,"W"
"SUWS016088",41,"N",16,"W"
"SUWS016097",49,"N",14,"W"
"SUWS016098",40,"N",16,"W"
"SUWS016108",52,"N",2,"W"
"SUWS016111",50,"N",8,"W"
"SUWS016119",46,"N",15,"W"
"SUWS016120",52,"N",2,"W"
"SUWS016128",49,"N",14,"W"
"SUWS016131",37,"N",20,"E"
"SUWS016136",26,"N",17,"W"
"SUWS016139",47,"N",11,"W"
"SUWS016140",47,"N",10,"W"
"SUWS016144",46,"N",15,"W"
"SUWS016145",46,"N",11,"W"
"SUWS016146",46,"N",8,"W"
"SUWS016151",45,"N",12,"W"
"SUWS016154",46,"N",15,"W"
"SUWS016155",46,"N",15,"W"
"SUWS016163",48,"N",14,"W"
"SUWS016164",48,"N",14,"W"
"SUWS016165",48,"N",14,"W"
"SUWS016166",15,"N",4,"W"
"SUWS016167",15,"N",4,"W"
"SUWS016179",49,"N",14,"W"
"SUWS016183",49,"N",14,"W"
"SUWS016189",45,"N",8,"W"
"SUWS016191",45,"N",8,"W"
"SUWS016192",49,"N",14,"W"
"SUWS016193",45,"N",8,"W"
"SUWS016196",49,"N",14,"W"
"SUWS016206",49,"N",14,"W"
"SUWS016210",18,"N",9,"W"
"SUWS016212",49,"N",14,"W"
"SUWS016214",45,"N",8,"W"
"SUWS016215",49,"N",14,"W"
"SUWS016221",33,"N",19,"W"
"SUWS016229",18,"N",9,"W"
"SUWS016239",46,"N",15,"W"
"SUWS016243",46,"N",15,"W"
"SUWS016247",52,"N",2,"W"
"SUWS016256",46,"N",12,"W"
"SUWS016257",27,"N",26,"E"
"SUWS016258",46,"N",10,"W"
"SUWS016260",45,"N",8,"W"
"SUWS016263",46,"N",15,"W"
"SUWS016266",46,"N",10,"W"
"SUWS016297",45,"N",8,"W"
"SUWS016298",45,"N",7,"W"
"SUWS016547",49,"N",14,"W"
"SUWS016548",49,"N",14,"W"
"SUWS016549",49,"N",14,"W"
"SUWS016550",49,"N",14,"W"
"SUWS016551",49,"N",14,"W"
"SUWS016552",49,"N",14,"W"
"SUWS016553",49,"N",14,"W"
"SUWS016554",49,"N",14,"W"
"SUWS016555",49,"N",14,"W"
"SUWS016556",49,"N",14,"W"
"SUWS016596",48,"N",14,"W"
"SUWS016597",49,"N",14,"W"
"SUWS016598",48,"N",14,"W"
"SUWS016602",47,"N",14,"W"
"SUWS016603",47,"N",14,"W"
"SUWS016604",49,"N",14,"W"
"SUWS016605",49,"N",14,"W"
"SUWS016610",49,"N",14,"W"
"SUWS016611",48,"N",14,"W"
"SUWS016627",49,"N",14,"W"
"SUWS016643",49,"N",14,"W"
"SUWS016650",49,"N",14,"W"
"SUWS016651",49,"N",14,"W"
"SUWS016653",49,"N",14,"W"
"SUWS016657",49,"N",14,"W"
"SUWS016658",49,"N",14,"W"
"SUWS016659",49,"N",14,"W"
"SUWS016660",49,"N",14,"W"
"SUWS016662",49,"N",14,"W"
"SUWS016666",49,"N",14,"W"
"SUWS016672",49,"N",14,"W"
"SUWS016673",49,"N",14,"W"
"SUWS016674",49,"N",14,"W"
"SUWS016695",49,"N",14,"W"
"SUWS016696",49,"N",14,"W"
"SUWS016698",49,"N",14,"W"
"SUWS016700",49,"N",14,"W"
"SUWS016707",49,"N",14,"W"
"SUWS016718",52,"N",2,"W"
"SUWS016719",50,"N",4,"W"
"SUWS016720",52,"N",2,"W"
"SUWS016721",52,"N",2,"W"
"SUWS016722",52,"N",2,"W"
"SUWS016723",52,"N",2,"W"
"SUWS016724",46,"N",12,"W"
"SUWS016731",42,"N",5,"E"
"SUWS016732",42,"N",5,"E"
"SUWS016733",42,"N",5,"E"
"SUWS016734",33,"N",10,"E"
"SUWS016735",33,"N",10,"E"
"SUWS016736",33,"N",10,"E"
"SUWS016755",33,"N",10,"E"
"SUWS016764",21,"N",22,"E"
"SUWS016766",33,"N",10,"E"
"SUWS016767",42,"N",5,"E"
"SUWS016768",33,"N",10,"E"
"SUWS016769",33,"N",10,"E"
"SUWS016770",33,"N",10,"E"
"SUWS016772",49,"N",14,"W"
"SUWS016777",34,"N",13,"E"
"SUWS016778",34,"N",13,"E"
"SUWS016787",34,"N",13,"E"
"SUWS016788",34,"N",13,"E"
"SUWS016827",33,"N",10,"E"
"SUWS016935",49,"N",14,"W"
"SUWS016936",49,"N",14,"W"
"SUWS017025",48,"N",14,"W"
"SUWS017082",47,"N",14,"W"
"SUWS017083",46,"N",14,"W"
"SUWS017085",49,"N",14,"W"
"SUWS017086",47,"N",14,"W"
"SUWS017088",46,"N",14,"W"
"SUWS017090",38,"N",2,"W"
"SUWS017091",49,"N",14,"W"
"SUWS017092",47,"N",14,"W"
"SUWS017094",46,"N",14,"W"
"SUWS017095",38,"N",2,"W"
"SUWS017096",49,"N",14,"W"
"SUWS017097",47,"N",14,"W"
"SUWS017099",38,"N",1,"E"
"SUWS017100",47,"N",14,"W"
"SUWS017101",46,"N",13,"W"
"SUWS017102",38,"N",1,"E"
"SUWS017103",49,"N",14,"W"
"SUWS017104",47,"N",14,"W"
"SUWS017105",46,"N",13,"W"
"SUWS017106",41,"N",1,"W"
"SUWS017107",38,"N",2,"W"
"SUWS017116",40,"N",16,"W"
"SUWS017117",41,"N",15,"W"
"SUWS017118",41,"N",15,"W"
"SUWS017119",41,"N",15,"W"
"SUWS017120",41,"N",15,"W"
"SUWS017121",42,"N",14,"W"
"SUWS017122",42,"N",14,"W"
"SUWS017123",42,"N",14,"W"
