"catalogNumber","N_latitude","W_longitude"
"SUWS010001","46.306170 N"," 91.213480 W"
"SUWS010007","46.699660 N"," 92.001580 W"
"SUWS010010","46.347170 N"," 90.916300 W"
"SUWS010011","46.699660 N"," 92.001580 W"
"SUWS010012","46.320620 N"," 90.858620 W"
"SUWS010014","46.371730 N"," 91.216080 W"
"SUWS010015","46.347170 N"," 90.916300 W"
"SUWS010023","46.342280 N"," 91.349010 W"
"SUWS010024","46.371730 N"," 91.216080 W"
"SUWS010025","46.277800 N"," 91.278910 W"
"SUWS010026","46.497910 N"," 91.374860 W"
"SUWS010027","46.342280 N"," 91.349010 W"
"SUWS010030","46.371730 N"," 91.216080 W"
"SUWS010031","46.342280 N"," 91.349010 W"
"SUWS010033","46.342280 N"," 91.349010 W"
"SUWS010037","46.347170 N"," 90.916300 W"
"SUWS010039","46.371730 N"," 91.216080 W"
"SUWS010040","46.347170 N"," 90.916300 W"
"SUWS010042","46.699660 N"," 92.001580 W"
"SUWS010048","46.432150 N"," 92.062230 W"
"SUWS010049","46.432150 N"," 92.062230 W"
"SUWS010050","46.347170 N"," 90.916300 W"
"SUWS010051","46.342280 N"," 91.349010 W"
"SUWS010052","46.506260 N"," 91.367040 W"
"SUWS010053","46.371730 N"," 91.216080 W"
"SUWS010054","46.342280 N"," 91.349010 W"
"SUWS010056","46.506260 N"," 91.367040 W"
"SUWS010070","46.339910 N"," 91.364460 W"
"SUWS010072","45.826940 N"," 90.400430 W"
"SUWS010073","46.400730 N"," 91.417150 W"
"SUWS010075","46.628870 N"," 91.318530 W"
"SUWS010076","46.186610 N"," 91.988150 W"
"SUWS010078","46.732160 N"," 92.066300 W"
"SUWS010090","46.342280 N"," 91.349010 W"
"SUWS010091","46.342280 N"," 91.349010 W"
"SUWS010095","46.342280 N"," 91.349010 W"
"SUWS010097","46.342280 N"," 91.349010 W"
"SUWS010098","46.342280 N"," 91.349010 W"
"SUWS010103","46.694720 N"," 91.992650 W"
"SUWS010119","46.130350 N"," 90.668670 W"
"SUWS010121","46.336850 N"," 91.362820 W"
"SUWS010126","46.478830 N"," 91.602970 W"
"SUWS010131","46.434130 N"," 91.675130 W"
"SUWS010136","46.554390 N"," 92.240190 W"
"SUWS010138","46.342280 N"," 91.349010 W"
"SUWS010148","46.937990 N"," 90.578520 W"
"SUWS010150","46.342280 N"," 91.349010 W"
"SUWS010152","46.388560 N"," 91.269360 W"
"SUWS010159","46.342280 N"," 91.349010 W"
"SUWS010160","46.130350 N"," 90.668670 W"
"SUWS010164","46.342280 N"," 91.349010 W"
"SUWS010169","46.553000 N"," 91.576580 W"
"SUWS010200","46.456690 N"," 91.983970 W"
"SUWS010216","43.634580 N"," 91.225660 W"
"SUWS010225","46.686710 N"," 91.986380 W"
"SUWS010318","44.059360 N"," 87.736210 W"
"SUWS010320","43.402490 N"," 90.556600 W"
"SUWS010326","46.342280 N"," 91.349010 W"
"SUWS010334","43.893420 N"," 91.269510 W"
"SUWS010351","43.667240 N"," 90.223460 W"
"SUWS010355","46.130350 N"," 90.668670 W"
"SUWS010364","46.732160 N"," 92.066300 W"
"SUWS010366","46.336850 N"," 91.362820 W"
"SUWS010367","46.130350 N"," 90.668670 W"
"SUWS010368","46.717840 N"," 92.087860 W"
"SUWS010369","43.975910 N"," 90.752070 W"
"SUWS010371","46.681220 N"," 92.066310 W"
"SUWS010372","46.681220 N"," 92.066310 W"
"SUWS010373","46.681220 N"," 92.066310 W"
"SUWS010374","46.691110 N"," 91.917310 W"
"SUWS010375","46.681220 N"," 92.066310 W"
"SUWS010376","46.691110 N"," 91.917310 W"
"SUWS010385","46.681220 N"," 92.066310 W"
"SUWS010389","46.681220 N"," 92.066310 W"
"SUWS010427","46.636770 N"," 91.408250 W"
"SUWS010429","46.636770 N"," 91.408250 W"
"SUWS010430","46.636770 N"," 91.408250 W"
"SUWS010438","46.682110 N"," 92.150820 W"
"SUWS010441","46.694530 N"," 92.149910 W"
"SUWS010444","46.694530 N"," 92.149910 W"
"SUWS010445","46.636770 N"," 91.408250 W"
"SUWS010447","46.694530 N"," 92.149910 W"
"SUWS010448","46.694530 N"," 92.149910 W"
"SUWS010449","46.694530 N"," 92.149910 W"
"SUWS010451","46.694530 N"," 92.149910 W"
"SUWS010489","46.681220 N"," 92.066310 W"
"SUWS010490","46.691110 N"," 91.917310 W"
"SUWS010491","46.694720 N"," 91.992650 W"
"SUWS010492","46.374260 N"," 92.071050 W"
"SUWS010495","46.694720 N"," 91.992650 W"
"SUWS010496","46.535290 N"," 91.582110 W"
"SUWS010497","45.945570 N"," 89.655260 W"
"SUWS010498","46.374260 N"," 92.071050 W"
"SUWS010499","46.681220 N"," 92.066310 W"
"SUWS010500","46.681220 N"," 92.066310 W"
"SUWS010501","46.691110 N"," 91.917310 W"
"SUWS010502","46.374260 N"," 92.071050 W"
"SUWS010505","46.681220 N"," 92.066310 W"
"SUWS010507","46.681220 N"," 92.066310 W"
"SUWS010508","46.711890 N"," 92.143250 W"
"SUWS010510","46.694720 N"," 91.992650 W"
"SUWS010513","46.648020 N"," 91.981300 W"
"SUWS010514","46.681220 N"," 92.066310 W"
"SUWS010523","46.694720 N"," 91.992650 W"
"SUWS010525","46.681220 N"," 92.066310 W"
"SUWS010526","46.691110 N"," 91.917310 W"
"SUWS010529","46.374260 N"," 92.071050 W"
"SUWS010530","46.694530 N"," 92.149910 W"
"SUWS010531","46.681220 N"," 92.066310 W"
"SUWS010539","45.945570 N"," 89.655260 W"
"SUWS010540","46.675450 N"," 92.148710 W"
"SUWS010552","46.691110 N"," 91.917310 W"
"SUWS010556","46.374540 N"," 92.043020 W"
"SUWS010557","46.580220 N"," 91.668800 W"
"SUWS010559","46.691110 N"," 91.917310 W"
"SUWS010573","46.353270 N"," 91.822410 W"
"SUWS010574","46.553000 N"," 91.576580 W"
"SUWS010576","46.342280 N"," 91.349010 W"
"SUWS010578","46.180850 N"," 91.699300 W"
"SUWS010581","46.180850 N"," 91.699300 W"
"SUWS010583","46.545640 N"," 92.046570 W"
"SUWS010585b","46.578690 N"," 91.282260 W"
"SUWS010587","46.545640 N"," 92.046570 W"
"SUWS010593","46.675450 N"," 92.148710 W"
"SUWS010603","46.545640 N"," 92.046570 W"
"SUWS010611","46.545640 N"," 92.046570 W"
"SUWS010614","46.675450 N"," 92.148710 W"
"SUWS010626","46.681220 N"," 92.066310 W"
"SUWS010630","46.691110 N"," 91.917310 W"
"SUWS010632","46.681220 N"," 92.066310 W"
"SUWS010633","46.691110 N"," 91.917310 W"
"SUWS010634","46.629640 N"," 91.657810 W"
"SUWS010642","45.921070 N"," 89.673670 W"
"SUWS010644","46.684480 N"," 92.149590 W"
"SUWS010648","46.675450 N"," 92.148710 W"
"SUWS010652","46.545640 N"," 92.046570 W"
"SUWS010658","46.180850 N"," 91.699300 W"
"SUWS010669","46.681220 N"," 92.066310 W"
"SUWS010670","45.921070 N"," 89.673670 W"
"SUWS010671","46.681220 N"," 92.066310 W"
"SUWS010674","46.681220 N"," 92.066310 W"
"SUWS010684","46.681220 N"," 92.066310 W"
"SUWS010685","46.681220 N"," 92.066310 W"
"SUWS010688","46.681220 N"," 92.066310 W"
"SUWS010689","46.694720 N"," 91.992650 W"
"SUWS010690","46.633090 N"," 91.720740 W"
"SUWS010708","46.496960 N"," 92.259050 W"
"SUWS010709","46.496960 N"," 92.259050 W"
"SUWS010714","46.496960 N"," 92.259050 W"
"SUWS010715","46.496960 N"," 92.259050 W"
"SUWS010719","46.353270 N"," 91.822410 W"
"SUWS010720","46.342280 N"," 91.349010 W"
"SUWS010721","46.342280 N"," 91.349010 W"
"SUWS010723","46.342280 N"," 91.349010 W"
"SUWS010725","46.392200 N"," 91.286490 W"
"SUWS010726","45.934220 N"," 92.361690 W"
"SUWS010736","46.553000 N"," 91.576580 W"
"SUWS010737","46.654970 N"," 92.104420 W"
"SUWS010740","46.654970 N"," 92.104420 W"
"SUWS010744","46.654970 N"," 92.104420 W"
"SUWS010749","46.342280 N"," 91.349010 W"
"SUWS010751","46.342280 N"," 91.349010 W"
"SUWS010753","46.681220 N"," 92.066310 W"
"SUWS010754","46.342280 N"," 91.364740 W"
"SUWS010755","46.342280 N"," 91.349010 W"
"SUWS010756","46.330380 N"," 91.265010 W"
"SUWS010758","46.342280 N"," 91.349010 W"
"SUWS010759","46.342280 N"," 91.328030 W"
"SUWS010760","46.342280 N"," 91.349010 W"
"SUWS010761","46.342280 N"," 91.349010 W"
"SUWS010762","46.342280 N"," 91.349010 W"
"SUWS010763","43.667240 N"," 90.223460 W"
"SUWS010764","46.342280 N"," 91.349010 W"
"SUWS010767","46.489860 N"," 92.184140 W"
"SUWS010773","46.674920 N"," 91.834060 W"
"SUWS010779","46.343830 N"," 91.214670 W"
"SUWS010780","46.342280 N"," 91.349010 W"
"SUWS010781","46.342280 N"," 91.349010 W"
"SUWS010782","46.336890 N"," 91.257970 W"
"SUWS010784","45.967410 N"," 92.363490 W"
"SUWS010785","46.342280 N"," 91.349010 W"
"SUWS010786","46.342280 N"," 91.349010 W"
"SUWS010789","46.342280 N"," 91.349010 W"
"SUWS010790","46.414670 N"," 91.349010 W"
"SUWS010792","46.342280 N"," 91.349010 W"
"SUWS010793","46.283480 N"," 91.322480 W"
"SUWS010795","46.654970 N"," 92.104420 W"
"SUWS010796","44.506920 N"," 92.174390 W"
"SUWS010797","43.667240 N"," 90.223460 W"
"SUWS010798","44.506920 N"," 92.174390 W"
"SUWS010800","46.478830 N"," 91.602970 W"
"SUWS010801","46.732160 N"," 92.066300 W"
"SUWS010805","44.835250 N"," 88.046770 W"
"SUWS010809","46.580220 N"," 91.668800 W"
"SUWS010817","46.363170 N"," 91.374240 W"
"SUWS010824","44.976130 N"," 92.680350 W"
"SUWS010829","45.944470 N"," 89.653240 W"
"SUWS010830","46.342280 N"," 91.349010 W"
"SUWS010832","46.342280 N"," 91.349010 W"
"SUWS010833","46.342280 N"," 91.349010 W"
"SUWS010838","46.478140 N"," 90.988250 W"
"SUWS010843","46.724590 N"," 92.091960 W"
"SUWS010844","46.307820 N"," 91.322890 W"
"SUWS010847","46.307820 N"," 91.322890 W"
"SUWS010849","46.717840 N"," 92.087860 W"
"SUWS010855","46.675450 N"," 92.148710 W"
"SUWS010856","46.342280 N"," 91.349010 W"
"SUWS010859","46.478140 N"," 90.988250 W"
"SUWS010860","46.478140 N"," 90.988250 W"
"SUWS010862","46.654970 N"," 92.104420 W"
"SUWS010863","46.342280 N"," 91.349010 W"
"SUWS010864","46.478140 N"," 90.988250 W"
"SUWS010868","44.835250 N"," 88.046770 W"
"SUWS010869","46.365850 N"," 91.257970 W"
"SUWS010873","46.496960 N"," 92.259050 W"
"SUWS010875","46.553000 N"," 91.576580 W"
"SUWS010876","46.342280 N"," 91.349010 W"
"SUWS010878","46.435300 N"," 91.672620 W"
"SUWS010887","46.553000 N"," 91.576580 W"
"SUWS010889","46.588200 N"," 92.125770 W"
"SUWS010900","43.402490 N"," 90.556600 W"
"SUWS010910","46.681220 N"," 92.066310 W"
"SUWS010913","46.681220 N"," 92.066310 W"
"SUWS010914","43.812790 N"," 91.231810 W"
"SUWS010915","46.342280 N"," 91.349010 W"
"SUWS010916","46.342280 N"," 91.349010 W"
"SUWS010919","46.681220 N"," 92.066310 W"
"SUWS010920","46.681220 N"," 92.066310 W"
"SUWS010924","43.774910 N"," 91.158310 W"
"SUWS010926","46.716990 N"," 92.099490 W"
"SUWS010927","46.580220 N"," 91.668800 W"
"SUWS010929","43.693450 N"," 91.241800 W"
"SUWS010938","46.853820 N"," 91.101850 W"
"SUWS010939","42.828900 N"," 89.021500 W"
"SUWS010944","42.831010 N"," 89.009230 W"
"SUWS010945","42.831010 N"," 89.009230 W"
"SUWS010946","46.681220 N"," 92.066310 W"
"SUWS010948","46.180850 N"," 91.699300 W"
"SUWS010952","46.337840 N"," 91.290930 W"
"SUWS010955","46.732160 N"," 92.066300 W"
"SUWS010957","46.681220 N"," 92.066310 W"
"SUWS010962","46.681220 N"," 92.066310 W"
"SUWS010963","46.681220 N"," 92.066310 W"
"SUWS010965","46.589660 N"," 91.720740 W"
"SUWS010968","46.593950 N"," 92.085380 W"
"SUWS010971","46.681220 N"," 92.066310 W"
"SUWS010972","46.342280 N"," 91.349010 W"
"SUWS010973","46.342280 N"," 91.349010 W"
"SUWS010977","46.342280 N"," 91.349010 W"
"SUWS010978","45.314130 N"," 91.651000 W"
"SUWS010979","46.711890 N"," 92.143250 W"
"SUWS010980","45.766880 N"," 92.384590 W"
"SUWS010981","46.681220 N"," 92.066310 W"
"SUWS010994","46.342280 N"," 91.349010 W"
"SUWS010995","46.589660 N"," 91.720740 W"
"SUWS010997","46.681220 N"," 92.066310 W"
"SUWS010998","46.681220 N"," 92.066310 W"
"SUWS010999","46.342280 N"," 91.349010 W"
"SUWS011000","46.342280 N"," 91.349010 W"
"SUWS011001","46.589660 N"," 91.720740 W"
"SUWS011005","46.681220 N"," 92.066310 W"
"SUWS011008","46.681220 N"," 92.066310 W"
"SUWS011021","46.580500 N"," 90.874350 W"
"SUWS011023","46.684480 N"," 92.149590 W"
"SUWS011024","46.674920 N"," 91.834060 W"
"SUWS011026","46.681220 N"," 92.066310 W"
"SUWS011031","46.580500 N"," 90.874350 W"
"SUWS011032","46.580500 N"," 90.874350 W"
"SUWS011033","46.694720 N"," 91.992650 W"
"SUWS011034","46.732160 N"," 92.066300 W"
"SUWS011041","46.681220 N"," 92.066310 W"
"SUWS011047","46.342280 N"," 91.349010 W"
"SUWS011048","46.342280 N"," 91.349010 W"
"SUWS011061","46.681220 N"," 92.066310 W"
"SUWS011062","46.681220 N"," 92.066310 W"
"SUWS011069","46.572850 N"," 91.699910 W"
"SUWS011070","46.342280 N"," 91.349010 W"
"SUWS011071","46.342280 N"," 91.349010 W"
"SUWS011072","46.342280 N"," 91.349010 W"
"SUWS011076","46.342280 N"," 91.349010 W"
"SUWS011078","46.342280 N"," 91.349010 W"
"SUWS011083","46.342280 N"," 91.349010 W"
"SUWS011084","46.342280 N"," 91.349010 W"
"SUWS011090","46.342280 N"," 91.349010 W"
"SUWS011091","46.342280 N"," 91.349010 W"
"SUWS011092","46.342280 N"," 91.349010 W"
"SUWS011104","44.761150 N"," 92.487410 W"
"SUWS011105","43.667240 N"," 90.223460 W"
"SUWS011112","46.712310 N"," 92.091360 W"
"SUWS011113","46.342280 N"," 91.349010 W"
"SUWS011115","46.342280 N"," 91.349010 W"
"SUWS011117","46.712310 N"," 92.091360 W"
"SUWS011118","46.489860 N"," 92.184140 W"
"SUWS011120","46.353270 N"," 91.822410 W"
"SUWS011121","46.718100 N"," 92.114680 W"
"SUWS011122","46.716880 N"," 92.074360 W"
"SUWS011123","46.342280 N"," 91.349010 W"
"SUWS011124","46.342280 N"," 91.349010 W"
"SUWS011125","46.342280 N"," 91.349010 W"
"SUWS011126","46.342280 N"," 91.349010 W"
"SUWS011128","46.363170 N"," 91.374240 W"
"SUWS011130","46.035700 N"," 92.271740 W"
"SUWS011132","46.681220 N"," 92.066310 W"
"SUWS011138","42.835280 N"," 89.067610 W"
"SUWS011148","46.681220 N"," 92.066310 W"
"SUWS011151","46.712310 N"," 92.091360 W"
"SUWS011152","42.835280 N"," 89.067610 W"
"SUWS011154","46.489860 N"," 92.184140 W"
"SUWS011161","46.717840 N"," 92.087860 W"
"SUWS011162","46.712530 N"," 92.104440 W"
"SUWS011173","46.362590 N"," 91.399820 W"
"SUWS011177","46.342280 N"," 91.349010 W"
"SUWS011181","46.342280 N"," 91.349010 W"
"SUWS011183","46.336860 N"," 91.174090 W"
"SUWS011187","46.295540 N"," 91.521410 W"
"SUWS011195","45.766880 N"," 92.384590 W"
"SUWS011198","46.208010 N"," 91.292130 W"
"SUWS011199","46.349520 N"," 91.349010 W"
"SUWS011201","46.342280 N"," 91.349010 W"
"SUWS011202","46.342280 N"," 91.349010 W"
"SUWS011214","46.828150 N"," 90.666940 W"
"SUWS011218","43.879880 N"," 90.159230 W"
"SUWS011221","46.713450 N"," 92.112320 W"
"SUWS011224","46.681220 N"," 92.066310 W"
"SUWS011225","45.696630 N"," 90.400430 W"
"SUWS011229","46.235550 N"," 91.257970 W"
"SUWS011238","46.732160 N"," 92.066300 W"
"SUWS011239","46.342280 N"," 91.349010 W"
"SUWS011241","46.654970 N"," 92.104420 W"
"SUWS011242","46.362590 N"," 91.399820 W"
"SUWS011243","46.385120 N"," 91.336900 W"
"SUWS011245","46.535290 N"," 91.582110 W"
"SUWS011247","46.717840 N"," 92.087860 W"
"SUWS011248","46.712310 N"," 92.091360 W"
"SUWS011255","46.681220 N"," 92.066310 W"
"SUWS011257","46.489170 N"," 91.554950 W"
"SUWS011259","46.522770 N"," 91.567310 W"
"SUWS011263","46.342280 N"," 91.349010 W"
"SUWS011264","46.342280 N"," 91.349010 W"
"SUWS011265","46.342280 N"," 91.349010 W"
"SUWS011266","46.342280 N"," 91.349010 W"
"SUWS011267","46.342280 N"," 91.349010 W"
"SUWS011269","46.342280 N"," 91.349010 W"
"SUWS011271","46.342280 N"," 91.349010 W"
"SUWS011273","46.342280 N"," 91.349010 W"
"SUWS011277","46.717010 N"," 92.093500 W"
"SUWS011281","46.681220 N"," 92.066310 W"
"SUWS011283","43.820450 N"," 91.232200 W"
"SUWS011291","46.342280 N"," 91.349010 W"
"SUWS011292","46.302450 N"," 91.221020 W"
"SUWS011294","46.342280 N"," 91.349010 W"
"SUWS011296","46.342280 N"," 91.349010 W"
"SUWS011297","46.724590 N"," 92.091960 W"
"SUWS011300","46.681220 N"," 92.066310 W"
"SUWS011301","46.705450 N"," 92.104040 W"
"SUWS011302","46.489860 N"," 92.184140 W"
"SUWS011304","46.489860 N"," 92.184140 W"
"SUWS011307","46.712310 N"," 92.091360 W"
"SUWS011316","46.342280 N"," 91.349010 W"
"SUWS011317","46.342280 N"," 91.349010 W"
"SUWS011319","46.489860 N"," 92.184140 W"
"SUWS011323","46.586040 N"," 91.720740 W"
"SUWS011324","46.342280 N"," 91.349010 W"
"SUWS011325","46.342280 N"," 91.349010 W"
"SUWS011328","46.489860 N"," 92.184140 W"
"SUWS011332","46.336890 N"," 91.257970 W"
"SUWS011333","46.336890 N"," 91.257970 W"
"SUWS011335","46.681220 N"," 92.066310 W"
"SUWS011336","46.367450 N"," 91.108250 W"
"SUWS011337","46.717840 N"," 92.087860 W"
"SUWS011342","46.724590 N"," 92.091960 W"
"SUWS011349","46.342280 N"," 91.349010 W"
"SUWS011351","46.342280 N"," 91.349010 W"
"SUWS011352","46.676820 N"," 91.678960 W"
"SUWS011361","46.712310 N"," 92.091360 W"
"SUWS011363","46.449670 N"," 90.186560 W"
"SUWS011364","46.553000 N"," 91.576580 W"
"SUWS011366","46.342280 N"," 91.349010 W"
"SUWS011367","46.342280 N"," 91.349010 W"
"SUWS011368","46.342280 N"," 91.349010 W"
"SUWS011380","46.732160 N"," 92.066300 W"
"SUWS011385","46.496960 N"," 92.259050 W"
"SUWS011386","46.654970 N"," 92.104420 W"
"SUWS011387","46.654970 N"," 92.104420 W"
"SUWS011388","46.489860 N"," 92.184140 W"
"SUWS011389","46.489860 N"," 92.184140 W"
"SUWS011391","46.353270 N"," 91.822410 W"
"SUWS011393","46.654970 N"," 92.104420 W"
"SUWS011400","46.553000 N"," 91.576580 W"
"SUWS011401","46.654970 N"," 92.104420 W"
"SUWS011410","45.967410 N"," 92.363490 W"
"SUWS011411","45.967410 N"," 92.363490 W"
"SUWS011414","46.489170 N"," 91.554950 W"
"SUWS011415","46.489860 N"," 92.184140 W"
"SUWS011420","46.724590 N"," 92.091960 W"
"SUWS011420b","46.711630 N"," 92.090630 W"
"SUWS011421","46.489860 N"," 92.184140 W"
"SUWS011423","46.489860 N"," 92.184140 W"
"SUWS011424","46.345600 N"," 91.199260 W"
"SUWS011425","46.082870 N"," 92.111270 W"
"SUWS011426","46.636370 N"," 92.103740 W"
"SUWS011428","46.636370 N"," 92.103740 W"
"SUWS011429","46.654970 N"," 92.104420 W"
"SUWS011430","46.464110 N"," 91.899400 W"
"SUWS011431","46.489860 N"," 92.184140 W"
"SUWS011435","46.586040 N"," 91.720740 W"
"SUWS011437","46.536450 N"," 91.153400 W"
"SUWS011442","46.342280 N"," 91.349010 W"
"SUWS011443","46.342280 N"," 91.349010 W"
"SUWS011448","46.514920 N"," 91.636800 W"
"SUWS011449","44.019720 N"," 91.486810 W"
"SUWS011457","46.681220 N"," 92.066310 W"
"SUWS011458","46.696630 N"," 92.034950 W"
"SUWS011461","46.717840 N"," 92.087860 W"
"SUWS011462","46.717840 N"," 92.087860 W"
"SUWS011463","45.314130 N"," 91.651000 W"
"SUWS011468","46.342280 N"," 91.349010 W"
"SUWS011469","46.342280 N"," 91.349010 W"
"SUWS011470","46.342280 N"," 91.349010 W"
"SUWS011477","46.681220 N"," 92.066310 W"
"SUWS011478","46.681220 N"," 92.066310 W"
"SUWS011482","46.342280 N"," 91.349010 W"
"SUWS011483","46.717840 N"," 92.087860 W"
"SUWS011485","46.681220 N"," 92.066310 W"
"SUWS011486","46.681220 N"," 92.066310 W"
"SUWS011493","46.681220 N"," 92.066310 W"
"SUWS011495","46.681220 N"," 92.066310 W"
"SUWS011497","46.717840 N"," 92.087860 W"
"SUWS011498","46.717840 N"," 92.087860 W"
"SUWS011501","46.510200 N"," 91.703720 W"
"SUWS011502","46.456690 N"," 91.983970 W"
"SUWS011505","46.691110 N"," 91.917310 W"
"SUWS011506","46.682110 N"," 92.150820 W"
"SUWS011509","46.681220 N"," 92.066310 W"
"SUWS011512","46.681220 N"," 92.066310 W"
"SUWS011513","46.681220 N"," 92.066310 W"
"SUWS011514","46.681220 N"," 92.066310 W"
"SUWS011519","46.681220 N"," 92.066310 W"
"SUWS011520","46.681220 N"," 92.066310 W"
"SUWS011521","46.681220 N"," 92.066310 W"
"SUWS011526","46.681220 N"," 92.066310 W"
"SUWS011527","46.681220 N"," 92.066310 W"
"SUWS011528","46.681220 N"," 92.066310 W"
"SUWS011529","46.681220 N"," 92.066310 W"
"SUWS011531","46.681220 N"," 92.066310 W"
"SUWS011533","46.681220 N"," 92.066310 W"
"SUWS011537","46.847250 N"," 91.127600 W"
"SUWS011546","46.254130 N"," 91.798520 W"
"SUWS011550","46.712310 N"," 92.091360 W"
"SUWS011553","46.489860 N"," 92.184140 W"
"SUWS011554","46.489860 N"," 92.184140 W"
"SUWS011557","46.342260 N"," 91.411920 W"
"SUWS011558","46.681220 N"," 92.066310 W"
"SUWS011559","46.718000 N"," 92.055750 W"
"SUWS011560","46.491330 N"," 92.199720 W"
"SUWS011563","45.125470 N"," 92.671950 W"
"SUWS011564","46.342280 N"," 91.349010 W"
"SUWS011565","46.235550 N"," 91.257970 W"
"SUWS011566","46.235550 N"," 91.257970 W"
"SUWS011572","46.385360 N"," 91.336900 W"
"SUWS011573","46.718130 N"," 92.114680 W"
"SUWS011574","46.374500 N"," 91.349350 W"
"SUWS011575","46.712310 N"," 92.091360 W"
"SUWS011576","46.489860 N"," 92.184140 W"
"SUWS011577","46.342280 N"," 91.349010 W"
"SUWS011578","46.341800 N"," 91.347660 W"
"SUWS011579","46.489860 N"," 92.184140 W"
"SUWS011580","46.339030 N"," 91.302260 W"
"SUWS011584","46.724590 N"," 92.091960 W"
"SUWS011587","46.724590 N"," 92.091960 W"
"SUWS011588","46.716880 N"," 92.074360 W"
"SUWS011590","46.478140 N"," 90.988250 W"
"SUWS011591","46.340850 N"," 91.426630 W"
"SUWS011593","46.717010 N"," 92.093500 W"
"SUWS011602","46.681220 N"," 92.066310 W"
"SUWS011605","46.342280 N"," 91.349010 W"
"SUWS011607","46.277800 N"," 91.278910 W"
"SUWS011610","46.342280 N"," 91.349010 W"
"SUWS011611","46.517160 N"," 91.593770 W"
"SUWS011614","46.681220 N"," 92.066310 W"
"SUWS011617","46.336890 N"," 91.216030 W"
"SUWS011618","46.342280 N"," 91.349010 W"
"SUWS011619","46.435210 N"," 90.996890 W"
"SUWS011621","46.277800 N"," 91.278910 W"
"SUWS011622","46.342260 N"," 91.286090 W"
"SUWS011623","46.385360 N"," 91.336900 W"
"SUWS011624","46.342280 N"," 91.349010 W"
"SUWS011625","46.342280 N"," 91.349010 W"
"SUWS011628","46.374500 N"," 91.349350 W"
"SUWS011630","46.668030 N"," 92.103740 W"
"SUWS011631","46.694720 N"," 91.992650 W"
"SUWS011632","45.125470 N"," 92.671950 W"
"SUWS011639","46.691110 N"," 91.917310 W"
"SUWS011640","46.681220 N"," 92.066310 W"
"SUWS011642","46.689460 N"," 92.019620 W"
"SUWS011643","46.717010 N"," 92.093500 W"
"SUWS011650","46.434230 N"," 92.061740 W"
"SUWS011652","46.681220 N"," 92.066310 W"
"SUWS011655","46.681220 N"," 92.066310 W"
"SUWS011657","46.691110 N"," 91.917310 W"
"SUWS011663","46.489860 N"," 92.184140 W"
"SUWS011664","46.551430 N"," 91.700010 W"
"SUWS011667","46.477750 N"," 92.061050 W"
"SUWS011673","45.944470 N"," 89.653240 W"
"SUWS011675","46.325510 N"," 90.661020 W"
"SUWS011676","46.342280 N"," 91.349010 W"
"SUWS011679","46.552950 N"," 91.681840 W"
"SUWS011689","46.342280 N"," 91.349010 W"
"SUWS011690","46.489860 N"," 92.184140 W"
"SUWS011697","46.180850 N"," 91.699300 W"
"SUWS011706","46.342280 N"," 91.349010 W"
"SUWS011714","46.517380 N"," 91.604200 W"
"SUWS011715","46.636370 N"," 92.103740 W"
"SUWS011718","46.434230 N"," 92.061740 W"
"SUWS011720","46.489860 N"," 92.184140 W"
"SUWS011722","46.342280 N"," 91.349010 W"
"SUWS011723","46.342280 N"," 91.349010 W"
"SUWS011727","46.374500 N"," 91.349350 W"
"SUWS011731","46.347130 N"," 91.272800 W"
"SUWS011733","46.342280 N"," 91.349010 W"
"SUWS011734","46.342280 N"," 91.349010 W"
"SUWS011736","46.385250 N"," 91.246980 W"
"SUWS011738","46.342280 N"," 91.349010 W"
"SUWS011740","46.489860 N"," 92.184140 W"
"SUWS011741","46.342280 N"," 91.349010 W"
"SUWS011749","46.681220 N"," 92.066310 W"
"SUWS011754","46.654970 N"," 92.104420 W"
"SUWS011755","46.654970 N"," 92.104420 W"
"SUWS011760","46.542220 N"," 91.386700 W"
"SUWS011761","46.542220 N"," 91.386700 W"
"SUWS011762","46.542220 N"," 91.386700 W"
"SUWS011763","46.342280 N"," 91.349010 W"
"SUWS011765","46.286410 N"," 91.227050 W"
"SUWS011766","46.542220 N"," 91.386700 W"
"SUWS011769","46.342280 N"," 91.349010 W"
"SUWS011770","46.342280 N"," 91.349010 W"
"SUWS011772","46.607550 N"," 91.899270 W"
"SUWS011775","46.717840 N"," 92.087860 W"
"SUWS011777","46.535290 N"," 91.582110 W"
"SUWS011779","46.681220 N"," 92.066310 W"
"SUWS011780","46.681220 N"," 92.066310 W"
"SUWS011781","46.342280 N"," 91.349010 W"
"SUWS011783","46.383670 N"," 91.308580 W"
"SUWS011788","46.681220 N"," 92.066310 W"
"SUWS011790","46.668030 N"," 92.103740 W"
"SUWS011794","46.554390 N"," 92.240190 W"
"SUWS011795","46.342280 N"," 91.349010 W"
"SUWS011797","46.330380 N"," 91.265010 W"
"SUWS011798","46.342260 N"," 91.411920 W"
"SUWS011799","46.681220 N"," 92.066310 W"
"SUWS011800","46.654970 N"," 92.104420 W"
"SUWS011803","46.342280 N"," 91.349010 W"
"SUWS011804","46.342280 N"," 91.349010 W"
"SUWS011805","46.403700 N"," 91.317130 W"
"SUWS011809","46.514930 N"," 91.657840 W"
"SUWS011811","46.403700 N"," 91.317130 W"
"SUWS011813","46.342280 N"," 91.349010 W"
"SUWS011814","46.342280 N"," 91.349010 W"
"SUWS011815","46.732160 N"," 92.066300 W"
"SUWS011816","46.342280 N"," 91.349010 W"
"SUWS011817","46.217930 N"," 91.798520 W"
"SUWS011822","46.706270 N"," 92.099490 W"
"SUWS011826","46.496960 N"," 92.259050 W"
"SUWS011827","46.489860 N"," 92.184140 W"
"SUWS011828","46.342280 N"," 91.349010 W"
"SUWS011829","46.342280 N"," 91.349010 W"
"SUWS011843","46.636370 N"," 92.103740 W"
"SUWS011845","46.681220 N"," 92.066310 W"
"SUWS011847","46.489860 N"," 92.184140 W"
"SUWS011854","46.681220 N"," 92.066310 W"
"SUWS011860","45.334820 N"," 91.675210 W"
"SUWS011861","46.675680 N"," 92.103390 W"
"SUWS011862","46.675680 N"," 92.103390 W"
"SUWS011867","46.654970 N"," 92.104420 W"
"SUWS011868","44.059360 N"," 87.736210 W"
"SUWS011870","46.496960 N"," 92.259050 W"
"SUWS011871","46.268010 N"," 91.258520 W"
"SUWS011881","46.636370 N"," 92.103740 W"
"SUWS011884","46.553000 N"," 91.576580 W"
"SUWS011887","46.675680 N"," 92.103390 W"
"SUWS011898","46.636370 N"," 92.103740 W"
"SUWS011899","46.636370 N"," 92.103740 W"
"SUWS011900","46.489860 N"," 92.184140 W"
"SUWS011903","46.342280 N"," 91.349010 W"
"SUWS011918","46.343890 N"," 91.213380 W"
"SUWS011920","46.489860 N"," 92.184140 W"
"SUWS011921","46.342280 N"," 91.349010 W"
"SUWS011922","46.342280 N"," 91.349010 W"
"SUWS011923","45.125470 N"," 92.671950 W"
"SUWS011938","43.652750 N"," 90.223460 W"
"SUWS011939","43.652750 N"," 90.223460 W"
"SUWS011940","46.342280 N"," 91.349010 W"
"SUWS011941","46.336890 N"," 91.257970 W"
"SUWS011942","46.254130 N"," 91.798520 W"
"SUWS011945","45.328610 N"," 91.651000 W"
"SUWS011947","46.342280 N"," 91.349010 W"
"SUWS011948","46.342280 N"," 91.349010 W"
"SUWS011949","46.342280 N"," 91.349010 W"
"SUWS011950","44.109920 N"," 87.638650 W"
"SUWS011951","46.342280 N"," 91.349010 W"
"SUWS011956","46.491330 N"," 92.199720 W"
"SUWS011957","46.353270 N"," 91.822410 W"
"SUWS011958","46.342280 N"," 91.349010 W"
"SUWS011960","46.342280 N"," 91.349010 W"
"SUWS011961","46.315020 N"," 91.323170 W"
"SUWS011962","46.342280 N"," 91.349010 W"
"SUWS011963","46.342280 N"," 91.349010 W"
"SUWS011969","46.295630 N"," 91.259340 W"
"SUWS011970","46.303810 N"," 91.225870 W"
"SUWS011973","46.343530 N"," 91.261740 W"
"SUWS011975","46.235550 N"," 91.257970 W"
"SUWS011977","45.742130 N"," 92.383090 W"
"SUWS011978","46.681220 N"," 92.066310 W"
"SUWS011979","44.728120 N"," 91.285470 W"
"SUWS011985","46.349520 N"," 91.349010 W"
"SUWS011993","46.342280 N"," 91.349010 W"
"SUWS011994","45.967410 N"," 92.363490 W"
"SUWS011996","43.838540 N"," 90.166090 W"
"SUWS012000","46.633090 N"," 91.720740 W"
"SUWS012007","46.342280 N"," 91.349010 W"
"SUWS012008","46.572850 N"," 91.699910 W"
"SUWS012009","46.774660 N"," 91.386570 W"
"SUWS012012","46.342280 N"," 91.349010 W"
"SUWS012013","46.342280 N"," 91.349010 W"
"SUWS012014","46.464110 N"," 91.899400 W"
"SUWS012023","46.694720 N"," 91.992650 W"
"SUWS012026","45.698950 N"," 87.994850 W"
"SUWS012027","46.342280 N"," 91.349010 W"
"SUWS012028","46.553000 N"," 91.576580 W"
"SUWS012029","46.342280 N"," 91.349010 W"
"SUWS012031","46.342280 N"," 91.349010 W"
"SUWS012032","45.967410 N"," 92.363490 W"
"SUWS012033","46.681220 N"," 92.066310 W"
"SUWS012034","46.681220 N"," 92.066310 W"
"SUWS012037","46.342280 N"," 91.349010 W"
"SUWS012047","46.732160 N"," 92.066300 W"
"SUWS012055","46.505810 N"," 92.231270 W"
"SUWS012058","46.301100 N"," 91.280630 W"
"SUWS012059","46.208010 N"," 91.292130 W"
"SUWS012061","46.681220 N"," 92.066310 W"
"SUWS012067","46.675450 N"," 92.148710 W"
"SUWS012070","46.596480 N"," 91.343700 W"
"SUWS012072","46.342280 N"," 91.349010 W"
"SUWS012073","46.682110 N"," 92.150820 W"
"SUWS012074","46.336890 N"," 91.257970 W"
"SUWS012076","46.342280 N"," 91.349010 W"
"SUWS012080","46.586040 N"," 91.720740 W"
"SUWS012082","46.853820 N"," 91.127600 W"
"SUWS012084","46.342280 N"," 91.349010 W"
"SUWS012089","46.654970 N"," 92.104420 W"
"SUWS012091","46.342280 N"," 91.349010 W"
"SUWS012094","46.718000 N"," 92.055750 W"
"SUWS012109","46.681220 N"," 92.066310 W"
"SUWS012111","46.342280 N"," 91.349010 W"
"SUWS012115","45.934220 N"," 92.361690 W"
"SUWS012118","46.489170 N"," 91.554950 W"
"SUWS012130","44.313150 N"," 91.910940 W"
"SUWS012137","46.342280 N"," 91.349010 W"
"SUWS012138","46.342280 N"," 91.349010 W"
"SUWS012153","43.918320 N"," 90.920120 W"
"SUWS012154","46.342280 N"," 91.349010 W"
"SUWS012163","46.938270 N"," 90.652960 W"
"SUWS012167","46.681220 N"," 92.066310 W"
"SUWS012169","46.681220 N"," 92.066310 W"
"SUWS012171","46.691110 N"," 91.917310 W"
"SUWS012174","45.967410 N"," 92.363490 W"
"SUWS012176","46.708010 N"," 92.104080 W"
"SUWS012181","46.342280 N"," 91.349010 W"
"SUWS012186","44.761150 N"," 92.487410 W"
"SUWS012191","46.478140 N"," 90.988250 W"
"SUWS012195","45.967410 N"," 92.363490 W"
"SUWS012196","45.967410 N"," 92.363490 W"
"SUWS012198","46.610910 N"," 91.576580 W"
"SUWS012199","46.610910 N"," 91.576580 W"
"SUWS012200","46.610910 N"," 91.576580 W"
"SUWS012201","46.681220 N"," 92.066310 W"
"SUWS012202","46.681220 N"," 92.066310 W"
"SUWS012204","43.667240 N"," 90.223460 W"
"SUWS012205","43.667240 N"," 90.223460 W"
"SUWS012208","46.681220 N"," 92.066310 W"
"SUWS012212","46.342280 N"," 91.349010 W"
"SUWS012213","46.668030 N"," 92.103740 W"
"SUWS012214","46.291090 N"," 91.279600 W"
"SUWS012215","46.342280 N"," 91.349010 W"
"SUWS012217","46.342280 N"," 91.349010 W"
"SUWS012218","46.336950 N"," 91.295970 W"
"SUWS012221","46.277800 N"," 91.278910 W"
"SUWS012223","46.342280 N"," 91.349010 W"
"SUWS012224","45.125470 N"," 92.671950 W"
"SUWS012226","46.681220 N"," 92.066310 W"
"SUWS012227","46.342280 N"," 91.349010 W"
"SUWS012245","46.739200 N"," 92.088860 W"
"SUWS012247","45.766880 N"," 92.384590 W"
"SUWS012248","46.345410 N"," 91.195400 W"
"SUWS012249","46.208010 N"," 91.292130 W"
"SUWS012250","46.342280 N"," 91.349010 W"
"SUWS012253","46.272090 N"," 91.289280 W"
"SUWS012254","43.838540 N"," 90.166090 W"
"SUWS012255","46.367450 N"," 91.108250 W"
"SUWS012258","46.342280 N"," 91.349010 W"
"SUWS012261","46.342280 N"," 91.349010 W"
"SUWS012264","46.338610 N"," 91.323600 W"
"SUWS012265","46.270360 N"," 91.317940 W"
"SUWS012266","46.342280 N"," 91.349010 W"
"SUWS012271","46.270360 N"," 91.317940 W"
"SUWS012274","46.654970 N"," 92.104420 W"
"SUWS012275","46.222490 N"," 91.292130 W"
"SUWS012279","46.336890 N"," 91.278410 W"
"SUWS012281","46.342280 N"," 91.349010 W"
"SUWS012282","46.336890 N"," 91.257970 W"
"SUWS012284","46.342280 N"," 91.349010 W"
"SUWS012285","46.342280 N"," 91.349010 W"
"SUWS012286","46.334520 N"," 91.284770 W"
"SUWS012287","44.826340 N"," 91.491060 W"
"SUWS012288","46.338480 N"," 91.320480 W"
"SUWS012292","46.681220 N"," 92.066310 W"
"SUWS012294","46.681220 N"," 92.066310 W"
"SUWS012295","46.342280 N"," 91.349010 W"
"SUWS012296","46.291090 N"," 91.279600 W"
"SUWS012297","46.341800 N"," 91.312680 W"
"SUWS012302","46.681220 N"," 92.066310 W"
"SUWS012303","46.724590 N"," 92.091960 W"
"SUWS012304","43.667240 N"," 90.223460 W"
"SUWS012316","46.718550 N"," 92.145470 W"
"SUWS012319","46.718000 N"," 92.055750 W"
"SUWS012323","46.342280 N"," 91.349010 W"
"SUWS012324","46.342280 N"," 91.349010 W"
"SUWS012325","46.342280 N"," 91.349010 W"
"SUWS012326","46.338550 N"," 91.182440 W"
"SUWS012330","46.286410 N"," 91.227050 W"
"SUWS012331","46.235550 N"," 91.279940 W"
"SUWS012336","46.342280 N"," 91.349010 W"
"SUWS012337","46.342280 N"," 91.349010 W"
"SUWS012338","46.343930 N"," 91.261140 W"
"SUWS012339","46.343930 N"," 91.261140 W"
"SUWS012340","46.429910 N"," 91.337330 W"
"SUWS012341","46.342280 N"," 91.349010 W"
"SUWS012342","46.343930 N"," 91.261140 W"
"SUWS012346","46.724590 N"," 92.091960 W"
"SUWS012347","46.342280 N"," 91.349010 W"
"SUWS012348","46.271200 N"," 91.349350 W"
"SUWS012349","46.341800 N"," 91.347660 W"
"SUWS012352","46.489860 N"," 92.184140 W"
"SUWS012353","46.654970 N"," 92.104420 W"
"SUWS012357","46.491330 N"," 92.199720 W"
"SUWS012358","46.705450 N"," 92.104040 W"
"SUWS012363","46.277800 N"," 91.278910 W"
"SUWS012364","46.286410 N"," 91.227050 W"
"SUWS012365","46.342280 N"," 91.349010 W"
"SUWS012366","46.342280 N"," 91.349010 W"
"SUWS012368","46.336890 N"," 91.257970 W"
"SUWS012369","46.342280 N"," 91.349010 W"
"SUWS012370","46.342280 N"," 91.349010 W"
"SUWS012371","46.342280 N"," 91.349010 W"
"SUWS012372","46.235550 N"," 91.279940 W"
"SUWS012373","46.342280 N"," 91.349010 W"
"SUWS012382","46.336880 N"," 91.320880 W"
"SUWS012383","43.838540 N"," 90.166090 W"
"SUWS012389","46.342280 N"," 91.349010 W"
"SUWS012391","46.342280 N"," 91.349010 W"
"SUWS012392","46.300070 N"," 91.322400 W"
"SUWS012393","46.342280 N"," 91.349010 W"
"SUWS012394","46.353270 N"," 91.822410 W"
"SUWS012398","46.681220 N"," 92.066310 W"
"SUWS012411","43.759550 N"," 88.088790 W"
"SUWS012421","45.967410 N"," 92.363490 W"
"SUWS012423","45.334580 N"," 92.687250 W"
"SUWS012439","42.828900 N"," 89.021500 W"
"SUWS012443","46.208010 N"," 91.292130 W"
"SUWS012444","45.328610 N"," 91.651000 W"
"SUWS012469","45.766880 N"," 92.384590 W"
"SUWS012480","46.553000 N"," 91.555530 W"
"SUWS012481","46.353270 N"," 91.822410 W"
"SUWS012482","46.353270 N"," 91.822410 W"
"SUWS012483","46.342280 N"," 91.349010 W"
"SUWS012493","46.717840 N"," 92.087860 W"
"SUWS012495","46.717840 N"," 92.087860 W"
"SUWS012502","46.717840 N"," 92.087860 W"
"SUWS012506","46.353270 N"," 91.822410 W"
"SUWS012510","46.477750 N"," 92.061050 W"
"SUWS012511","46.342280 N"," 91.349010 W"
"SUWS012512","46.342280 N"," 91.349010 W"
"SUWS012513","46.342280 N"," 91.349010 W"
"SUWS012516","46.342280 N"," 91.349010 W"
"SUWS012517","46.717840 N"," 92.087860 W"
"SUWS012520","46.717840 N"," 92.087860 W"
"SUWS012524","46.675450 N"," 92.148710 W"
"SUWS012528","46.654970 N"," 92.104420 W"
"SUWS012529","46.342280 N"," 91.349010 W"
"SUWS012540","45.766880 N"," 92.384590 W"
"SUWS012557","46.717840 N"," 92.087860 W"
"SUWS012562","46.654970 N"," 92.104420 W"
"SUWS012563","43.667240 N"," 90.223460 W"
"SUWS012566","46.345410 N"," 91.195400 W"
"SUWS012567","46.342280 N"," 91.349010 W"
"SUWS012573","46.342280 N"," 91.349010 W"
"SUWS012574","46.342280 N"," 91.349010 W"
"SUWS012578","46.342280 N"," 91.349010 W"
"SUWS012588","46.654970 N"," 92.104420 W"
"SUWS012592","46.690770 N"," 92.002690 W"
"SUWS012593","46.694720 N"," 91.992650 W"
"SUWS012594","46.342280 N"," 91.349010 W"
"SUWS012603","46.342280 N"," 91.349010 W"
"SUWS012607","46.435300 N"," 91.672620 W"
"SUWS012610","46.489860 N"," 92.184140 W"
"SUWS012613","46.489860 N"," 92.184140 W"
"SUWS012625","46.565450 N"," 91.418030 W"
"SUWS012626","43.838540 N"," 90.166090 W"
"SUWS012632","46.639860 N"," 91.576580 W"
"SUWS012633","46.681220 N"," 92.066310 W"
"SUWS012634","44.059360 N"," 87.736210 W"
"SUWS012639","46.694720 N"," 91.992650 W"
"SUWS012649","43.749820 N"," 88.105360 W"
"SUWS012665","46.342280 N"," 91.349010 W"
"SUWS012667","46.342280 N"," 91.349010 W"
"SUWS012669","46.717840 N"," 92.087860 W"
"SUWS012681","46.336890 N"," 91.278410 W"
"SUWS012682","46.489860 N"," 92.184140 W"
"SUWS012683","46.315020 N"," 91.323170 W"
"SUWS012684","46.342280 N"," 91.349010 W"
"SUWS012685","46.342280 N"," 91.349010 W"
"SUWS012686","46.342280 N"," 91.349010 W"
"SUWS012688","46.681220 N"," 92.066310 W"
"SUWS012689","45.696630 N"," 90.400430 W"
"SUWS012690","46.336890 N"," 91.257970 W"
"SUWS012691","46.356760 N"," 91.349010 W"
"SUWS012692","46.468060 N"," 91.745180 W"
"SUWS012703","46.342280 N"," 91.349010 W"
"SUWS012705","46.342280 N"," 91.349010 W"
"SUWS012707","46.342280 N"," 91.349010 W"
"SUWS012712","46.342280 N"," 91.349010 W"
"SUWS012713","45.851000 N"," 92.641540 W"
"SUWS012714","45.659120 N"," 92.467140 W"
"SUWS012715","45.742130 N"," 92.383090 W"
"SUWS012716","45.659120 N"," 92.467140 W"
"SUWS012719","43.838540 N"," 90.166090 W"
"SUWS012726","46.342280 N"," 91.349010 W"
"SUWS012727","46.342280 N"," 91.349010 W"
"SUWS012728","46.341800 N"," 91.347660 W"
"SUWS012729","46.051670 N"," 92.302640 W"
"SUWS012735","45.967410 N"," 92.363490 W"
"SUWS012736","46.489860 N"," 92.184140 W"
"SUWS012738","46.681220 N"," 92.066310 W"
"SUWS012739","43.817890 N"," 91.262170 W"
"SUWS012740","46.717840 N"," 92.087860 W"
"SUWS012743","46.342280 N"," 91.349010 W"
"SUWS012744","46.342280 N"," 91.349010 W"
"SUWS012745","46.342280 N"," 91.369980 W"
"SUWS012752","46.342280 N"," 91.349010 W"
"SUWS012755","46.336890 N"," 91.257970 W"
"SUWS012756","46.342280 N"," 91.349010 W"
"SUWS012757","45.334580 N"," 92.687250 W"
"SUWS012758","46.337010 N"," 91.232800 W"
"SUWS012766","46.342280 N"," 91.349010 W"
"SUWS012768","46.342280 N"," 91.349010 W"
"SUWS012770","46.342280 N"," 91.349010 W"
"SUWS012771","46.342280 N"," 91.369980 W"
"SUWS012772","46.314850 N"," 91.280280 W"
"SUWS012773","46.342280 N"," 91.349010 W"
"SUWS012774","46.343930 N"," 91.261140 W"
"SUWS012775","46.314850 N"," 91.280280 W"
"SUWS012778","46.307120 N"," 91.208990 W"
"SUWS012781","46.428840 N"," 92.213690 W"
"SUWS012788","46.268010 N"," 91.258520 W"
"SUWS012795","46.342280 N"," 91.349010 W"
"SUWS012799","46.021570 N"," 92.339380 W"
"SUWS012805","43.750970 N"," 90.890380 W"
"SUWS012806","43.667240 N"," 90.223460 W"
"SUWS012822","46.668030 N"," 92.103740 W"
"SUWS012824","46.668030 N"," 92.103740 W"
"SUWS012826","46.654970 N"," 92.104420 W"
"SUWS012827","46.654970 N"," 92.104420 W"
"SUWS012828","46.654970 N"," 92.104420 W"
"SUWS012834","46.308660 N"," 91.204500 W"
"SUWS012835","46.535290 N"," 91.582110 W"
"SUWS012851","46.342280 N"," 91.349010 W"
"SUWS012867","46.629140 N"," 92.067630 W"
"SUWS012871","46.489860 N"," 92.184140 W"
"SUWS012872","44.761150 N"," 92.487410 W"
"SUWS012875","46.304400 N"," 91.210890 W"
"SUWS012891","46.342270 N"," 91.390950 W"
"SUWS012893","43.402490 N"," 90.556600 W"
"SUWS012894","46.340420 N"," 91.371890 W"
"SUWS012899","46.337150 N"," 91.498410 W"
"SUWS012906","46.491330 N"," 92.220750 W"
"SUWS012907","46.732160 N"," 92.066300 W"
"SUWS012908","46.712310 N"," 92.091360 W"
"SUWS012913","46.673110 N"," 91.972140 W"
"SUWS012914","46.153660 N"," 91.329550 W"
"SUWS012924","44.858880 N"," 87.490100 W"
"SUWS013044","46.673110 N"," 91.972140 W"
"SUWS013074","45.779220 N"," 92.682700 W"
"SUWS013075","45.779220 N"," 92.682700 W"
"SUWS013077","45.779220 N"," 92.682700 W"
"SUWS013089","45.779220 N"," 92.682700 W"
"SUWS013111","46.681220 N"," 92.066310 W"
"SUWS013115","46.681220 N"," 92.066310 W"
"SUWS013119","46.681220 N"," 92.066310 W"
"SUWS013121","46.681220 N"," 92.066310 W"
"SUWS013122","46.681220 N"," 92.066310 W"
"SUWS013140","46.675450 N"," 92.148710 W"
"SUWS013142","46.675450 N"," 92.148710 W"
"SUWS013146","46.675450 N"," 92.148710 W"
"SUWS013148","46.681220 N"," 92.066310 W"
"SUWS013548","45.720480 N"," 89.510920 W"
"SUWS013552","46.718860 N"," 92.098390 W"
"SUWS013553","46.718860 N"," 92.098390 W"
"SUWS013555","46.719960 N"," 92.098390 W"
"SUWS013559","46.718860 N"," 92.098390 W"
"SUWS013563","46.718860 N"," 92.098390 W"
"SUWS013566","46.718860 N"," 92.098390 W"
"SUWS013572","46.718860 N"," 92.098390 W"
"SUWS013574","46.718860 N"," 92.098390 W"
"SUWS013579","45.848610 N"," 92.642880 W"
"SUWS013584","46.719960 N"," 92.098390 W"
"SUWS013745","46.675450 N"," 92.148710 W"
"SUWS013746","46.675450 N"," 92.148710 W"
"SUWS013747","46.673110 N"," 91.972140 W"
"SUWS013749","46.673110 N"," 91.972140 W"
"SUWS013752","46.673110 N"," 91.972140 W"
"SUWS013753","46.673110 N"," 91.972140 W"
"SUWS013754","46.673110 N"," 91.972140 W"
"SUWS013755","46.681220 N"," 92.066310 W"
"SUWS013758","46.675450 N"," 92.148710 W"
"SUWS013759","46.681220 N"," 92.066310 W"
"SUWS013760","46.673110 N"," 91.972140 W"
"SUWS013761","46.673110 N"," 91.972140 W"
"SUWS013762","46.673110 N"," 91.972140 W"
"SUWS013765","46.673110 N"," 91.972140 W"
"SUWS013767","46.673110 N"," 91.972140 W"
"SUWS013768","46.675450 N"," 92.148710 W"
"SUWS013769","46.673110 N"," 91.972140 W"
"SUWS013859","46.673110 N"," 91.972140 W"
"SUWS013875","46.681220 N"," 92.066310 W"
"SUWS013893","46.681220 N"," 92.066310 W"
"SUWS013896","46.681220 N"," 92.066310 W"
"SUWS013897","46.673110 N"," 91.972140 W"
"SUWS013898","46.673110 N"," 91.972140 W"
"SUWS013929","46.558370 N"," 91.699910 W"
"SUWS013940","46.457800 N"," 92.213690 W"
"SUWS013942","46.457800 N"," 92.213690 W"
"SUWS013943","46.681220 N"," 92.066310 W"
"SUWS013949","46.681220 N"," 92.066310 W"
"SUWS013950","46.828150 N"," 90.666940 W"
"SUWS013951","46.673110 N"," 91.972140 W"
"SUWS013959","46.558370 N"," 91.699910 W"
"SUWS013961","46.543900 N"," 91.699910 W"
"SUWS013963","46.553000 N"," 91.576580 W"
"SUWS013965","46.673110 N"," 91.972140 W"
"SUWS013970","46.717840 N"," 92.087860 W"
"SUWS013971A","46.136740 N"," 92.080160 W"
"SUWS013972b","46.718000 N"," 92.055750 W"
"SUWS013989","46.718550 N"," 92.145470 W"
"SUWS013996","46.691110 N"," 91.917310 W"
"SUWS014002","46.476400 N"," 91.758390 W"
"SUWS014003","46.460330 N"," 91.759030 W"
"SUWS014005","46.477580 N"," 91.736330 W"
"SUWS014006","46.438130 N"," 91.738060 W"
"SUWS014008","46.553000 N"," 91.597630 W"
"SUWS014009","46.580220 N"," 91.668800 W"
"SUWS014013","46.587850 N"," 91.720740 W"
"SUWS014014","46.587850 N"," 91.720740 W"
"SUWS014015","46.717840 N"," 92.087860 W"
"SUWS014018","46.593920 N"," 92.119510 W"
"SUWS014021","46.718000 N"," 92.055750 W"
"SUWS014074","43.729410 N"," 91.225410 W"
"SUWS014075","43.820450 N"," 91.232200 W"
"SUWS014106","46.489860 N"," 92.184140 W"
"SUWS014107","46.938270 N"," 90.652960 W"
"SUWS014130","43.733270 N"," 90.976860 W"
"SUWS014134","44.142380 N"," 91.451260 W"
"SUWS014137","43.756980 N"," 90.949540 W"
"SUWS014141","43.975910 N"," 90.752070 W"
"SUWS014190","45.328610 N"," 91.651000 W"
"SUWS014195","46.435300 N"," 91.672620 W"
"SUWS014198","46.500650 N"," 92.286240 W"
"SUWS014207","46.681220 N"," 92.066310 W"
"SUWS014211","46.718550 N"," 92.145470 W"
"SUWS014215","46.739200 N"," 92.088860 W"
"SUWS014219","46.477750 N"," 92.061050 W"
"SUWS014226","46.491330 N"," 92.220750 W"
"SUWS014233","43.817890 N"," 91.262170 W"
"SUWS014235","46.489860 N"," 92.184140 W"
"SUWS014238","46.581100 N"," 91.721030 W"
"SUWS014239","46.420980 N"," 91.260370 W"
"SUWS014240","46.489860 N"," 92.184140 W"
"SUWS014245","46.456690 N"," 91.983970 W"
"SUWS014246","45.934220 N"," 92.361690 W"
"SUWS014252","46.300070 N"," 91.322400 W"
"SUWS014253","44.976130 N"," 92.680350 W"
"SUWS014256","46.334520 N"," 91.284770 W"
"SUWS014257","46.341800 N"," 91.347660 W"
"SUWS014258","46.654970 N"," 92.104420 W"
"SUWS014283","46.307820 N"," 91.322890 W"
"SUWS014284","46.323180 N"," 91.322400 W"
"SUWS014285","46.343890 N"," 91.213380 W"
"SUWS014288","46.342280 N"," 91.349010 W"
"SUWS014292","46.342280 N"," 91.349010 W"
"SUWS014296","45.125470 N"," 92.671950 W"
"SUWS014303","46.676880 N"," 91.679080 W"
"SUWS014309","46.632060 N"," 92.069320 W"
"SUWS014310","46.673110 N"," 91.972140 W"
"SUWS014328","46.208010 N"," 91.292130 W"
"SUWS014329","46.343930 N"," 91.261140 W"
"SUWS014330","46.478140 N"," 90.988250 W"
"SUWS014331","45.967410 N"," 92.363490 W"
"SUWS014334","44.678310 N"," 91.104040 W"
"SUWS014335","46.344760 N"," 91.226660 W"
"SUWS014336","46.342280 N"," 91.349010 W"
"SUWS014338","44.976130 N"," 92.680350 W"
"SUWS014340","46.342280 N"," 91.369980 W"
"SUWS014341","46.316680 N"," 91.322910 W"
"SUWS014344","42.512240 N"," 87.809240 W"
"SUWS014348","46.654970 N"," 92.104420 W"
"SUWS014349","46.673110 N"," 91.972140 W"
"SUWS014362","46.343930 N"," 91.261140 W"
"SUWS014363","45.328610 N"," 91.651000 W"
"SUWS014364","46.543220 N"," 92.046350 W"
"SUWS014368","45.948700 N"," 92.371310 W"
"SUWS014372","46.552950 N"," 91.681840 W"
"SUWS014379","43.164980 N"," 90.135720 W"
"SUWS014386","43.905740 N"," 90.943160 W"
"SUWS014389","46.600170 N"," 91.344220 W"
"SUWS014393","46.491330 N"," 92.199720 W"
"SUWS014397","46.543220 N"," 92.046350 W"
"SUWS014402","46.208010 N"," 91.292130 W"
"SUWS014403","46.732160 N"," 92.066300 W"
"SUWS014429","45.334580 N"," 92.687250 W"
"SUWS014432","46.694720 N"," 91.992650 W"
"SUWS014433","46.717840 N"," 92.087860 W"
"SUWS014434","46.717840 N"," 92.087860 W"
"SUWS014436","46.681220 N"," 92.066310 W"
"SUWS014437","46.709360 N"," 92.103990 W"
"SUWS014452","46.673110 N"," 91.972140 W"
"SUWS014455","46.712310 N"," 92.091360 W"
"SUWS014456","46.632060 N"," 92.069320 W"
"SUWS014491","46.681220 N"," 92.066310 W"
"SUWS014492","46.711890 N"," 92.143250 W"
"SUWS014494","46.711890 N"," 92.143250 W"
"SUWS014502","46.711890 N"," 92.143250 W"
"SUWS014503","46.711890 N"," 92.143250 W"
"SUWS014505","46.681220 N"," 92.066310 W"
"SUWS014524","46.675450 N"," 92.148710 W"
"SUWS014526","46.464110 N"," 91.899400 W"
"SUWS014546","46.711890 N"," 92.143250 W"
"SUWS014564","46.681220 N"," 92.066310 W"
"SUWS014569","46.711890 N"," 92.143250 W"
"SUWS014570","46.681220 N"," 92.066310 W"
"SUWS014571","46.711890 N"," 92.143250 W"
"SUWS014572","46.681220 N"," 92.066310 W"
"SUWS014575","46.464110 N"," 91.899400 W"
"SUWS014588","46.464110 N"," 91.899400 W"
"SUWS014589","46.681220 N"," 92.066310 W"
"SUWS014670","46.681220 N"," 92.066310 W"
"SUWS014674","46.711890 N"," 92.143250 W"
"SUWS014735","46.681220 N"," 92.066310 W"
"SUWS014808","46.592440 N"," 90.883800 W"
"SUWS014809","46.592440 N"," 90.883800 W"
"SUWS014823","46.681220 N"," 92.066310 W"
"SUWS014833","46.711890 N"," 92.143250 W"
"SUWS014841","46.711890 N"," 92.143250 W"
"SUWS014989","46.673110 N"," 91.972140 W"
"SUWS014991","46.592440 N"," 90.883800 W"
"SUWS015000","46.681220 N"," 92.066310 W"
"SUWS015001","46.336890 N"," 91.257970 W"
"SUWS015004","46.560730 N"," 91.708380 W"
"SUWS015005","46.315020 N"," 91.323170 W"
"SUWS015014","46.261800 N"," 91.303370 W"
"SUWS015016","46.607550 N"," 91.899270 W"
"SUWS015017","46.301500 N"," 91.349010 W"
"SUWS015019","46.517380 N"," 91.604200 W"
"SUWS015024","46.342480 N"," 91.325700 W"
"SUWS015025","46.708010 N"," 92.104080 W"
"SUWS015029","46.323180 N"," 91.322400 W"
"SUWS015035","46.300070 N"," 91.322400 W"
"SUWS015048","46.732160 N"," 92.066300 W"
"SUWS015053","46.543220 N"," 92.046350 W"
"SUWS015074","46.583830 N"," 91.799080 W"
"SUWS015185","46.336890 N"," 91.278410 W"
"SUWS015197","46.385360 N"," 91.336900 W"
"SUWS015199","46.385950 N"," 91.336990 W"
"SUWS015215","45.934220 N"," 92.361690 W"
"SUWS015216","46.456690 N"," 91.983970 W"
"SUWS015220","46.561170 N"," 91.398390 W"
"SUWS015224","46.552950 N"," 91.681840 W"
"SUWS015227","46.686870 N"," 92.149400 W"
"SUWS015234","46.444910 N"," 91.619580 W"
"SUWS015239","46.913040 N"," 90.668670 W"
"SUWS015247","46.491330 N"," 92.220750 W"
"SUWS015253","46.403700 N"," 91.317130 W"
"SUWS015254","45.125470 N"," 92.671950 W"
"SUWS015255","45.125470 N"," 92.671950 W"
"SUWS015259","45.766880 N"," 92.384590 W"
"SUWS015265","46.341800 N"," 91.347660 W"
"SUWS015278","46.051670 N"," 92.302640 W"
"SUWS015279","46.295540 N"," 91.521410 W"
"SUWS015281","46.325510 N"," 90.661020 W"
"SUWS015285","46.314760 N"," 91.232260 W"
"SUWS015286","46.553000 N"," 91.576580 W"
"SUWS015290","46.235550 N"," 91.257970 W"
"SUWS015293","46.301500 N"," 91.349010 W"
"SUWS015302","46.396710 N"," 91.822410 W"
"SUWS015314","46.254130 N"," 91.798520 W"
"SUWS015315","45.125470 N"," 92.671950 W"
"SUWS015317","46.254130 N"," 91.798520 W"
"SUWS015318","46.718860 N"," 92.098390 W"
"SUWS015322","46.654970 N"," 92.104420 W"
"SUWS015323","46.543220 N"," 92.046350 W"
"SUWS015333","44.761150 N"," 92.487410 W"
"SUWS015340","46.682110 N"," 92.150820 W"
"SUWS015341","46.682110 N"," 92.150820 W"
"SUWS015343","46.654970 N"," 92.104420 W"
"SUWS015347","46.718860 N"," 92.098390 W"
"SUWS015367","46.321800 N"," 91.378670 W"
"SUWS015369","46.882440 N"," 90.481010 W"
"SUWS015370","45.334580 N"," 92.687250 W"
"SUWS015376","46.208010 N"," 91.292130 W"
"SUWS015382","46.489860 N"," 92.184140 W"
"SUWS015388","46.208010 N"," 91.292130 W"
"SUWS015397","46.489860 N"," 92.184140 W"
"SUWS015407","46.696630 N"," 92.034950 W"
"SUWS015411","46.673110 N"," 91.972140 W"
"SUWS015413","46.682110 N"," 92.150820 W"
"SUWS015416","46.489860 N"," 92.184140 W"
"SUWS015417","46.309160 N"," 92.154920 W"
"SUWS015422","46.673110 N"," 91.972140 W"
"SUWS015426","46.489860 N"," 92.184140 W"
"SUWS015438","46.489860 N"," 92.184140 W"
"SUWS015441","46.543220 N"," 92.046350 W"
"SUWS015464","46.425500 N"," 91.669080 W"
"SUWS015467","46.021570 N"," 92.339380 W"
"SUWS015472","46.681220 N"," 92.066310 W"
"SUWS015473","46.722080 N"," 92.094950 W"
"SUWS015484","46.489860 N"," 92.184140 W"
"SUWS015487","46.491310 N"," 92.283840 W"
"SUWS015494","46.600550 N"," 91.616060 W"
"SUWS015499","46.569270 N"," 91.627380 W"
"SUWS015501","46.051670 N"," 92.302640 W"
"SUWS015502","46.051670 N"," 92.302640 W"
"SUWS015509","44.059360 N"," 87.736210 W"
"SUWS015512","46.318620 N"," 91.279250 W"
"SUWS015513","44.976130 N"," 92.680350 W"
"SUWS015514","46.477750 N"," 92.061050 W"
"SUWS015525","46.696620 N"," 92.034980 W"
"SUWS015529","46.553000 N"," 91.576580 W"
"SUWS015533","46.535290 N"," 91.582110 W"
"SUWS015534","46.682110 N"," 91.602970 W"
"SUWS015538","46.589660 N"," 91.720740 W"
"SUWS015552","46.732160 N"," 92.066300 W"
"SUWS015570","45.224320 N"," 91.567830 W"
"SUWS015587","46.559110 N"," 91.322690 W"
"SUWS015608","43.403650 N"," 90.626870 W"
"SUWS015613","46.130350 N"," 90.668670 W"
"SUWS015614","44.020830 N"," 91.495480 W"
"SUWS015619","43.750970 N"," 90.890380 W"
"SUWS015630","43.975910 N"," 90.752070 W"
"SUWS015636","43.975910 N"," 90.752070 W"
"SUWS015637","46.130350 N"," 90.668670 W"
"SUWS015640","43.741440 N"," 90.899300 W"
"SUWS015644","43.801360 N"," 91.239580 W"
"SUWS015659","43.729410 N"," 91.225410 W"
"SUWS015660","43.729410 N"," 91.225410 W"
"SUWS015670","46.130350 N"," 90.668670 W"
"SUWS015673","44.019720 N"," 91.486810 W"
"SUWS015677","44.019720 N"," 91.486810 W"
"SUWS015682","43.891860 N"," 91.114590 W"
"SUWS015688","46.130350 N"," 90.668670 W"
"SUWS015689","44.020830 N"," 91.495480 W"
"SUWS015690","44.020830 N"," 91.495480 W"
"SUWS015691","46.403700 N"," 91.317130 W"
"SUWS015693","46.344000 N"," 91.363980 W"
"SUWS015706","46.717840 N"," 92.087860 W"
"SUWS015714","43.975910 N"," 90.752070 W"
"SUWS015716","43.729410 N"," 91.225410 W"
"SUWS015729","43.975910 N"," 90.752070 W"
"SUWS015738","46.130350 N"," 90.668670 W"
"SUWS015739","46.342280 N"," 91.349010 W"
"SUWS015746","46.489860 N"," 92.184140 W"
"SUWS015751","46.489860 N"," 92.184140 W"
"SUWS015760","46.724590 N"," 92.091960 W"
"SUWS015765","43.756980 N"," 90.949540 W"
"SUWS015781","44.070360 N"," 89.758340 W"
"SUWS015798","46.708010 N"," 92.104080 W"
"SUWS015811","46.694720 N"," 91.992650 W"
"SUWS015844","46.712310 N"," 92.091360 W"
"SUWS015848","42.678070 N"," 88.276200 W"
"SUWS015850","43.571440 N"," 90.666730 W"
"SUWS015863","46.712310 N"," 92.091360 W"
"SUWS015876","43.950000 N"," 90.620000 W"
"SUWS015931","43.904250 N"," 90.915700 W"
"SUWS015943","46.723130 N"," 92.133860 W"
"SUWS015955","46.435300 N"," 91.672620 W"
"SUWS015961","46.580220 N"," 91.668800 W"
"SUWS015963","46.477600 N"," 92.070440 W"
"SUWS015965","43.941110 N"," 90.809340 W"
"SUWS015971","46.477750 N"," 92.061050 W"
"SUWS015988","43.667240 N"," 90.223460 W"
"SUWS015992","46.553000 N"," 91.576580 W"
"SUWS015994","46.555000 N"," 91.576580 W"
"SUWS016007","46.681220 N"," 92.066310 W"
"SUWS016010","46.519310 N"," 90.603700 W"
"SUWS016012","46.489860 N"," 92.184140 W"
"SUWS016020","46.478830 N"," 91.602970 W"
"SUWS016021","46.681220 N"," 92.066310 W"
"SUWS016022","44.059360 N"," 87.736210 W"
"SUWS0160224","44.025160 N"," 88.535040 W"
"SUWS016024","44.025160 N"," 88.535040 W"
"SUWS016027","46.608000 N"," 91.972990 W"
"SUWS016028","43.733270 N"," 90.976860 W"
"SUWS016029","43.733270 N"," 90.976860 W"
"SUWS016040","46.342280 N"," 91.349010 W"
"SUWS016045","46.691110 N"," 91.917310 W"
"SUWS016048","46.634660 N"," 92.107410 W"
"SUWS016053","46.681220 N"," 92.066310 W"
"SUWS016056","46.706270 N"," 92.099490 W"
"SUWS016062","46.208010 N"," 91.292130 W"
"SUWS016077","46.477750 N"," 92.061050 W"
"SUWS016079","46.532570 N"," 92.059850 W"
"SUWS016081","46.342280 N"," 91.349010 W"
"SUWS016087","46.682110 N"," 92.150820 W"
"SUWS016088","46.021570 N"," 92.339380 W"
"SUWS016097","46.706270 N"," 92.099490 W"
"SUWS016098","45.967410 N"," 92.363490 W"
"SUWS016108","46.938270 N"," 90.652960 W"
"SUWS016111","46.774660 N"," 91.386570 W"
"SUWS016119","46.489860 N"," 92.184140 W"
"SUWS016120","46.938270 N"," 90.652960 W"
"SUWS016128","46.715830 N"," 92.108110 W"
"SUWS016131","45.698950 N"," 87.994850 W"
"SUWS016136","44.732180 N"," 92.446640 W"
"SUWS016139","46.589660 N"," 91.720740 W"
"SUWS016140","46.553000 N"," 91.576580 W"
"SUWS016144","46.489860 N"," 92.184140 W"
"SUWS016145","46.468060 N"," 91.745180 W"
"SUWS016146","46.497910 N"," 91.374860 W"
"SUWS016151","46.353270 N"," 91.822410 W"
"SUWS016154","46.489860 N"," 92.184140 W"
"SUWS016155","46.489860 N"," 92.184140 W"
"SUWS016163","46.654970 N"," 92.104420 W"
"SUWS016164","46.654970 N"," 92.104420 W"
"SUWS016165","46.654970 N"," 92.104420 W"
"SUWS016166","43.750970 N"," 90.890380 W"
"SUWS016167","43.768850 N"," 90.898300 W"
"SUWS016179","46.732160 N"," 92.066300 W"
"SUWS016183","46.681220 N"," 92.066310 W"
"SUWS016189","46.342280 N"," 91.349010 W"
"SUWS016191","46.342280 N"," 91.349010 W"
"SUWS016192","46.681220 N"," 92.066310 W"
"SUWS016193","46.342280 N"," 91.349010 W"
"SUWS016196","46.681220 N"," 92.066310 W"
"SUWS016206","46.724590 N"," 92.091960 W"
"SUWS016210","44.019720 N"," 91.483000 W"
"SUWS016212","46.681220 N"," 92.066310 W"
"SUWS016214","46.342280 N"," 91.349010 W"
"SUWS016215","46.717840 N"," 92.087860 W"
"SUWS016221","45.334580 N"," 92.687250 W"
"SUWS016229","44.019720 N"," 91.483000 W"
"SUWS016239","46.496960 N"," 92.259050 W"
"SUWS016243","46.489860 N"," 92.184140 W"
"SUWS016247","46.938270 N"," 90.652960 W"
"SUWS016256","46.464110 N"," 91.899400 W"
"SUWS016257","44.819070 N"," 87.353700 W"
"SUWS016258","46.435300 N"," 91.672620 W"
"SUWS016260","46.342280 N"," 91.349010 W"
"SUWS016263","46.489860 N"," 92.184140 W"
"SUWS016266","46.435300 N"," 91.672620 W"
"SUWS016297","46.342280 N"," 91.349010 W"
"SUWS016298","46.345310 N"," 91.292470 W"
"SUWS016547","46.734660 N"," 92.101680 W"
"SUWS016548","46.734660 N"," 92.101680 W"
"SUWS016549","46.734660 N"," 92.101680 W"
"SUWS016550","46.734660 N"," 92.101680 W"
"SUWS016551","46.734660 N"," 92.101680 W"
"SUWS016552","46.734660 N"," 92.101680 W"
"SUWS016553","46.734660 N"," 92.101680 W"
"SUWS016554","46.734660 N"," 92.101680 W"
"SUWS016555","46.734660 N"," 92.101680 W"
"SUWS016556","46.734660 N"," 92.101680 W"
"SUWS016596","46.593920 N"," 92.119510 W"
"SUWS016597","46.707190 N"," 92.085290 W"
"SUWS016598","46.593920 N"," 92.119510 W"
"SUWS016602","46.588200 N"," 92.125770 W"
"SUWS016603","46.588200 N"," 92.125770 W"
"SUWS016604","46.707190 N"," 92.085290 W"
"SUWS016605","46.681220 N"," 92.066310 W"
"SUWS016610","46.707190 N"," 92.085290 W"
"SUWS016611","46.593920 N"," 92.119510 W"
"SUWS016627","46.681220 N"," 92.066310 W"
"SUWS016643","46.717840 N"," 92.087860 W"
"SUWS016650","46.681220 N"," 92.066310 W"
"SUWS016651","46.681220 N"," 92.066310 W"
"SUWS016653","46.681220 N"," 92.066310 W"
"SUWS016657","46.681220 N"," 92.066310 W"
"SUWS016658","46.681220 N"," 92.066310 W"
"SUWS016659","46.707190 N"," 92.085290 W"
"SUWS016660","46.681220 N"," 92.066310 W"
"SUWS016662","46.717840 N"," 92.087860 W"
"SUWS016666","46.681220 N"," 92.066310 W"
"SUWS016672","46.681220 N"," 92.066310 W"
"SUWS016673","46.681220 N"," 92.066310 W"
"SUWS016674","46.681220 N"," 92.066310 W"
"SUWS016695","46.717840 N"," 92.087860 W"
"SUWS016696","46.717840 N"," 92.087860 W"
"SUWS016698","46.717840 N"," 92.087860 W"
"SUWS016700","46.681220 N"," 92.066310 W"
"SUWS016707","46.707190 N"," 92.085290 W"
"SUWS016718","46.938270 N"," 90.652960 W"
"SUWS016719","46.810770 N"," 90.818240 W"
"SUWS016720","46.938270 N"," 90.652960 W"
"SUWS016721","46.938270 N"," 90.652960 W"
"SUWS016722","46.938270 N"," 90.652960 W"
"SUWS016723","46.938270 N"," 90.652960 W"
"SUWS016724","46.417200 N"," 91.814420 W"
"SUWS016731","46.135120 N"," 89.900440 W"
"SUWS016732","46.135120 N"," 89.900440 W"
"SUWS016733","46.135120 N"," 89.900440 W"
"SUWS016734","45.377190 N"," 89.296630 W"
"SUWS016735","45.377190 N"," 89.296630 W"
"SUWS016736","45.377190 N"," 89.296630 W"
"SUWS016755","45.377190 N"," 89.296630 W"
"SUWS016764","44.285910 N"," 87.772980 W"
"SUWS016766","45.377190 N"," 89.296630 W"
"SUWS016767","46.135120 N"," 89.900440 W"
"SUWS016768","45.377190 N"," 89.296630 W"
"SUWS016769","45.377190 N"," 89.296630 W"
"SUWS016770","45.377190 N"," 89.296630 W"
"SUWS016772","46.681220 N"," 92.066310 W"
"SUWS016777","45.452640 N"," 88.865260 W"
"SUWS016778","45.452640 N"," 88.865260 W"
"SUWS016783","46.771860 N"," 92.085290 W"
"SUWS016784","46.771860 N"," 92.085290 W"
"SUWS016787","45.452640 N"," 88.865260 W"
"SUWS016788","45.452640 N"," 88.865260 W"
"SUWS016827","45.377190 N"," 89.296630 W"
"SUWS016935","46.717840 N"," 92.087860 W"
"SUWS016936","46.717840 N"," 92.087860 W"
"SUWS017025","46.593920 N"," 92.119510 W"
"SUWS017082","46.526670 N"," 92.122220 W"
"SUWS017083","46.477750 N"," 92.061050 W"
"SUWS017085","46.698000 N"," 92.159640 W"
"SUWS017086","46.526670 N"," 92.122220 W"
"SUWS017088","46.477750 N"," 92.061050 W"
"SUWS017090","45.776890 N"," 90.670330 W"
"SUWS017091","46.698000 N"," 92.159640 W"
"SUWS017092","46.526670 N"," 92.122220 W"
"SUWS017094","46.477750 N"," 92.061050 W"
"SUWS017095","45.776890 N"," 90.670330 W"
"SUWS017096","46.698000 N"," 92.159640 W"
"SUWS017097","46.526670 N"," 92.122220 W"
"SUWS017099","45.795430 N"," 90.428670 W"
"SUWS017100","46.526670 N"," 92.122220 W"
"SUWS017101","46.474050 N"," 92.044870 W"
"SUWS017102","45.795430 N"," 90.428670 W"
"SUWS017103","46.698000 N"," 92.159640 W"
"SUWS017104","46.526670 N"," 92.122220 W"
"SUWS017105","46.474050 N"," 92.044870 W"
"SUWS017106","45.988020 N"," 90.509110 W"
"SUWS017107","45.776890 N"," 90.670330 W"
"SUWS017116","45.977650 N"," 92.365640 W"
"SUWS017117","46.070290 N"," 92.184680 W"
"SUWS017118","46.070290 N"," 92.184680 W"
"SUWS017119","46.070290 N"," 92.184680 W"
"SUWS017120","46.070290 N"," 92.184680 W"
"SUWS017121","46.093820 N"," 92.112430 W"
"SUWS017122","46.093820 N"," 92.112430 W"
"SUWS017123","46.093820 N"," 92.112430 W"
